run_id,instance,input_sha256,group,method,objective_name,time_limit,seed,time_scale,resource_capacity,resource_demand,reference,reference_kind,status,objective,best_bound,gap,iterations,build_time,solve_time,wall_time,validation,peak_resource,gap_to_reference,batch_reference_kind,batch_reference,gap_to_batch_reference
w3_parallel_small__cpsat_parallel__main,w3_parallel_small,3aa8680b5b421f4d37288d7c120c8fa21bb7e92d4a2022fe4ffa3f7824b876f9,main,cpsat_parallel,makespan,5.0,0,,,,6.0,hand_computed,OPTIMAL,6.0,6.0,0.0,96,0.008503,0.008284,0.016787,,2,0.0,proven_by_solver,6.0,0.0
w3_parallel_small__cpsat_parallel__scale_4,w3_parallel_small,3aa8680b5b421f4d37288d7c120c8fa21bb7e92d4a2022fe4ffa3f7824b876f9,scale_4,cpsat_parallel,makespan,5.0,0,4,,,6.0,hand_computed,OPTIMAL,6.0,6.0,0.0,96,0.000893,0.005,0.005894,,2,0.0,proven_by_solver,6.0,0.0
w3_parallel_tight__cpsat_parallel__main,w3_parallel_tight,7fdfce97e05d98621f66a9f19d92c6bdd37810b4c27a1b6ad545159cf086dd62,main,cpsat_parallel,makespan,5.0,0,,,,13.0,hand_computed,OPTIMAL,13.0,13.0,0.0,66,0.001089,0.004161,0.00525,,2,0.0,proven_by_solver,13.0,0.0
w3_parallel_tight__heur_parallel_lpt__main,w3_parallel_tight,7fdfce97e05d98621f66a9f19d92c6bdd37810b4c27a1b6ad545159cf086dd62,main,heur_parallel_lpt,makespan,5.0,0,,,,13.0,hand_computed,FEASIBLE,13.0,,,,0.0,0.001366,0.001366,,2,0.0,proven_by_solver,13.0,0.0
w3_single_8__milp_tight__main,w3_single_8,9cfd97c6b891f78650fe8a60294fd8c54eb774f4b3126aba9dc75b72602ef824,main,milp_tight,total_tardiness,5.0,0,,,,,cross_checked,OPTIMAL,85.0,85.0,0.0,130,0.003034,1.374375,1.377409,,1,,proven_by_solver,85.0,0.0
w3_single_8__milp_loose__main,w3_single_8,9cfd97c6b891f78650fe8a60294fd8c54eb774f4b3126aba9dc75b72602ef824,main,milp_loose,total_tardiness,5.0,0,,,,,cross_checked,OPTIMAL,85.0,85.0,0.0,124,0.0028,1.464172,1.466972,,1,,proven_by_solver,85.0,0.0
w3_single_8__milp_alt__main,w3_single_8,9cfd97c6b891f78650fe8a60294fd8c54eb774f4b3126aba9dc75b72602ef824,main,milp_alt,total_tardiness,5.0,0,,,,,cross_checked,OPTIMAL,85.0,85.0,0.0,0,0.021844,0.148727,0.170571,,1,,proven_by_solver,85.0,0.0
w3_single_8__cpsat_jsp__main,w3_single_8,9cfd97c6b891f78650fe8a60294fd8c54eb774f4b3126aba9dc75b72602ef824,main,cpsat_jsp,total_tardiness,5.0,0,,,,,cross_checked,OPTIMAL,85.0,85.0,0.0,4495,0.001961,0.160181,0.162141,,1,,proven_by_solver,85.0,0.0
w3_single_8__cpsat_parallel__main,w3_single_8,9cfd97c6b891f78650fe8a60294fd8c54eb774f4b3126aba9dc75b72602ef824,main,cpsat_parallel,total_tardiness,5.0,0,,,,,cross_checked,OPTIMAL,85.0,85.0,0.0,4495,0.001363,0.136896,0.138259,,1,,proven_by_solver,85.0,0.0
w3_single_8__heur_edd__main,w3_single_8,9cfd97c6b891f78650fe8a60294fd8c54eb774f4b3126aba9dc75b72602ef824,main,heur_edd,total_tardiness,5.0,0,,,,,cross_checked,FEASIBLE,85.0,,,,0.0,9.6e-05,9.6e-05,,1,,proven_by_solver,85.0,0.0
w3_single_12__milp_tight__main,w3_single_12,53359129ce8699cf7e186e58baff0d6f221ac4debb21e04dfc4f1c7c7247696b,main,milp_tight,total_tardiness,5.0,0,,,,,cross_checked,FEASIBLE,543.0,55.173482118510044,0.8983913773139778,430,0.005633,5.026255,5.031888,,1,,proven_by_solver,532.0,0.020676691729323307
w3_single_12__milp_loose__main,w3_single_12,53359129ce8699cf7e186e58baff0d6f221ac4debb21e04dfc4f1c7c7247696b,main,milp_loose,total_tardiness,5.0,0,,,,,cross_checked,FEASIBLE,573.0,54.798107451688004,0.904366304621836,14380,0.00809,5.377106,5.385195,,1,,proven_by_solver,532.0,0.07706766917293233
w3_single_12__milp_alt__main,w3_single_12,53359129ce8699cf7e186e58baff0d6f221ac4debb21e04dfc4f1c7c7247696b,main,milp_alt,total_tardiness,5.0,0,,,,,cross_checked,OPTIMAL,532.0,532.0,0.0,0,0.126604,0.593315,0.719918,,1,,proven_by_solver,532.0,0.0
w3_single_12__cpsat_jsp__main,w3_single_12,53359129ce8699cf7e186e58baff0d6f221ac4debb21e04dfc4f1c7c7247696b,main,cpsat_jsp,total_tardiness,5.0,0,,,,,cross_checked,FEASIBLE,532.0,1.0,0.9981203007518797,74393,0.001448,5.017359,5.018807,,1,,proven_by_solver,532.0,0.0
w3_single_12__cpsat_parallel__main,w3_single_12,53359129ce8699cf7e186e58baff0d6f221ac4debb21e04dfc4f1c7c7247696b,main,cpsat_parallel,total_tardiness,5.0,0,,,,,cross_checked,FEASIBLE,532.0,1.0,0.9981203007518797,73501,0.00175,5.01815,5.019899,,1,,proven_by_solver,532.0,0.0
w3_single_12__heur_edd__main,w3_single_12,53359129ce8699cf7e186e58baff0d6f221ac4debb21e04dfc4f1c7c7247696b,main,heur_edd,total_tardiness,5.0,0,,,,,cross_checked,FEASIBLE,543.0,,,,0.0,0.000133,0.000133,,1,,proven_by_solver,532.0,0.020676691729323307
w3_parallel_8__milp_alt__main,w3_parallel_8,01b40050c8ce27a7ae6cd0f27b766830c216def31464919ef1ac6f9d548670a1,main,milp_alt,makespan,5.0,0,,,,,cross_checked,OPTIMAL,29.0,29.0,0.0,11,0.091396,0.762238,0.853634,,3,,proven_by_solver,29.0,0.0
w3_parallel_8__cpsat_parallel__main,w3_parallel_8,01b40050c8ce27a7ae6cd0f27b766830c216def31464919ef1ac6f9d548670a1,main,cpsat_parallel,makespan,5.0,0,,,,,cross_checked,OPTIMAL,29.0,29.0,0.0,227,0.00112,0.010624,0.011744,,3,,proven_by_solver,29.0,0.0
w3_parallel_8__heur_parallel_lpt__main,w3_parallel_8,01b40050c8ce27a7ae6cd0f27b766830c216def31464919ef1ac6f9d548670a1,main,heur_parallel_lpt,makespan,5.0,0,,,,,cross_checked,FEASIBLE,31.0,,,,0.0,0.000225,0.000225,,3,,proven_by_solver,29.0,0.06896551724137931
w3_parallel_12__milp_alt__main,w3_parallel_12,2cfee1ab5c5b8053f2fcc8f82b5fed090e783330c677da957b81b9701616c194,main,milp_alt,makespan,5.0,0,,,,,cross_checked,OPTIMAL,39.0,39.0,0.0,8,0.225954,1.560206,1.78616,,3,,proven_by_solver,39.0,0.0
w3_parallel_12__cpsat_parallel__main,w3_parallel_12,2cfee1ab5c5b8053f2fcc8f82b5fed090e783330c677da957b81b9701616c194,main,cpsat_parallel,makespan,5.0,0,,,,,cross_checked,OPTIMAL,39.0,39.0,0.0,687,0.001565,0.025024,0.026589,,3,,proven_by_solver,39.0,0.0
w3_parallel_12__heur_parallel_lpt__main,w3_parallel_12,2cfee1ab5c5b8053f2fcc8f82b5fed090e783330c677da957b81b9701616c194,main,heur_parallel_lpt,makespan,5.0,0,,,,,cross_checked,FEASIBLE,46.0,,,,0.0,0.000269,0.000269,,3,,proven_by_solver,39.0,0.1794871794871795
w3_jsp_2x2__cpsat_jsp__main,w3_jsp_2x2,fbbb9c9e72abda3f1e244d398c7c184f7f2161d94623c86d1d58ed3491ff1499,main,cpsat_jsp,makespan,5.0,0,,,,7.0,hand_computed,OPTIMAL,7.0,7.0,0.0,5,0.000826,0.001887,0.002713,,2,0.0,proven_by_solver,7.0,0.0
w3_routes_6__cpsat_jsp__main,w3_routes_6,7871173b9866f68d15f0d883f7d0174d082848e4c588da98ab530689665d8384,main,cpsat_jsp,makespan,5.0,0,,,,,cross_checked,OPTIMAL,56.0,56.0,0.0,903,0.002028,0.038833,0.040862,,3,,proven_by_solver,56.0,0.0
w3_routes_6__cpsat_parallel__main,w3_routes_6,7871173b9866f68d15f0d883f7d0174d082848e4c588da98ab530689665d8384,main,cpsat_parallel,makespan,5.0,0,,,,,cross_checked,OPTIMAL,56.0,56.0,0.0,903,0.001691,0.038201,0.039892,,3,,proven_by_solver,56.0,0.0
w3_cumulative_small__cpsat_parallel__no_capacity,w3_cumulative_small,0a9a4a10f7d2483d59d0da6411c760ac5e89cb092aa9161fd4e59754fc7e5170,no_capacity,cpsat_parallel,makespan,5.0,0,,,,10.0,per_group,OPTIMAL,10.0,10.0,0.0,24,0.002403,0.003227,0.00563,,2,0.0,proven_by_solver,10.0,0.0
w3_cumulative_small__cpsat_cumulative__cap_1,w3_cumulative_small,0a9a4a10f7d2483d59d0da6411c760ac5e89cb092aa9161fd4e59754fc7e5170,cap_1,cpsat_cumulative,makespan,5.0,0,,1,1,15.0,per_group,OPTIMAL,15.0,15.0,0.0,23,0.00108,0.00316,0.00424,,1,0.0,proven_by_solver,10.0,0.5
w3_cumulative_small__cpsat_cumulative__cap_2,w3_cumulative_small,0a9a4a10f7d2483d59d0da6411c760ac5e89cb092aa9161fd4e59754fc7e5170,cap_2,cpsat_cumulative,makespan,5.0,0,,2,1,10.0,per_group,OPTIMAL,10.0,10.0,0.0,24,0.00114,0.004146,0.005286,,2,0.0,proven_by_solver,10.0,0.0
w3_cumulative_small__cpsat_cumulative__infeasible_demand_2,w3_cumulative_small,0a9a4a10f7d2483d59d0da6411c760ac5e89cb092aa9161fd4e59754fc7e5170,infeasible_demand_2,cpsat_cumulative,makespan,5.0,0,,1,2,,per_group,INFEASIBLE,,,,0,0.001425,0.000335,0.00176,,,,proven_by_solver,10.0,
