name,kind,note,sense,num_variables,num_rows,status,primal_objective,dual_objective,duality_gap,dual_status,dual_involution_ok,max_constraint_residual,max_reduced_cost_identity,max_complementarity,max_dual_feasibility_violation,complementarity_ok,solve_time,axis,value,baseline_value,delta,baseline_shadow_price,prediction_rule,break_even_value,predicted_objective,prediction_error,prediction_holds,shadow_row
cap_M_60,sensitivity_capacity,capacity_M,max,3,5,OPTIMAL,1600.0,1600.0,0.0,OPTIMAL,True,0.0,0.0,1.421085471520201e-13,0.0,True,0.000193,capacity_M,60.0,100.0,-40.0,14.999999999999998,rhs_linear,,1700.0,100.0,False,cap_M
cap_M_70,sensitivity_capacity,capacity_M,max,3,5,OPTIMAL,1800.0,1800.0,0.0,OPTIMAL,True,0.0,0.0,2.1316282072803008e-13,0.0,True,0.000103,capacity_M,70.0,100.0,-30.0,14.999999999999998,rhs_linear,,1850.0,50.0,False,cap_M
cap_M_80,sensitivity_capacity,capacity_M,max,3,5,OPTIMAL,2000.0,2000.0,0.0,OPTIMAL,True,0.0,0.0,0.0,7.105427357601002e-15,True,0.000103,capacity_M,80.0,100.0,-20.0,14.999999999999998,rhs_linear,,2000.0,0.0,True,cap_M
cap_M_90,sensitivity_capacity,capacity_M,max,3,5,OPTIMAL,2150.0,2150.0,0.0,OPTIMAL,True,0.0,0.0,0.0,0.0,True,0.000108,capacity_M,90.0,100.0,-10.0,14.999999999999998,rhs_linear,,2150.0,0.0,True,cap_M
cap_M_100,sensitivity_capacity,capacity_M,max,3,5,OPTIMAL,2300.0,2300.0,0.0,OPTIMAL,True,0.0,0.0,2.1316282072803003e-13,0.0,True,0.000129,capacity_M,100.0,100.0,0.0,14.999999999999998,rhs_linear,,2300.0,0.0,True,cap_M
cap_M_110,sensitivity_capacity,capacity_M,max,3,5,OPTIMAL,2450.0,2450.0,0.0,OPTIMAL,True,0.0,0.0,4.2632564145606006e-13,0.0,True,0.000103,capacity_M,110.0,100.0,10.0,14.999999999999998,rhs_linear,,2450.0,0.0,True,cap_M
cap_M_120,sensitivity_capacity,capacity_M,max,3,5,OPTIMAL,2600.0,2600.0,0.0,OPTIMAL,True,0.0,0.0,0.0,0.0,True,9.9e-05,capacity_M,120.0,100.0,20.0,14.999999999999998,rhs_linear,,2600.0,0.0,True,cap_M
cap_M_130,sensitivity_capacity,capacity_M,max,3,5,OPTIMAL,2600.0,2600.0,0.0,OPTIMAL,True,0.0,0.0,0.0,0.0,True,9.7e-05,capacity_M,130.0,100.0,30.0,14.999999999999998,rhs_linear,,2750.0,150.0,False,cap_M
cap_M_140,sensitivity_capacity,capacity_M,max,3,5,OPTIMAL,2600.0,2600.0,0.0,OPTIMAL,True,0.0,0.0,0.0,0.0,True,0.000103,capacity_M,140.0,100.0,40.0,14.999999999999998,rhs_linear,,2900.0,300.0,False,cap_M
cap_L_40,sensitivity_capacity,capacity_L,max,3,5,OPTIMAL,1600.0,1600.0,0.0,OPTIMAL,True,0.0,0.0,0.0,0.0,True,8.9e-05,capacity_L,40.0,80.0,-40.0,10.000000000000004,rhs_linear,,1900.0,300.0,False,cap_L
cap_L_50,sensitivity_capacity,capacity_L,max,3,5,OPTIMAL,1850.0,1850.0,0.0,OPTIMAL,True,0.0,0.0,0.0,0.0,True,9.6e-05,capacity_L,50.0,80.0,-30.0,10.000000000000004,rhs_linear,,2000.0,150.0,False,cap_L
cap_L_60,sensitivity_capacity,capacity_L,max,3,5,OPTIMAL,2100.0,2100.0,0.0,OPTIMAL,True,0.0,0.0,1.7763568394002505e-13,0.0,True,0.000113,capacity_L,60.0,80.0,-20.0,10.000000000000004,rhs_linear,,2100.0,0.0,True,cap_L
cap_L_70,sensitivity_capacity,capacity_L,max,3,5,OPTIMAL,2200.0,2200.0,0.0,OPTIMAL,True,0.0,0.0,2.1316282072803003e-13,0.0,True,0.000112,capacity_L,70.0,80.0,-10.0,10.000000000000004,rhs_linear,,2200.0,0.0,True,cap_L
cap_L_80,sensitivity_capacity,capacity_L,max,3,5,OPTIMAL,2300.0,2300.0,0.0,OPTIMAL,True,0.0,0.0,2.1316282072803003e-13,0.0,True,0.000109,capacity_L,80.0,80.0,0.0,10.000000000000004,rhs_linear,,2300.0,0.0,True,cap_L
cap_L_90,sensitivity_capacity,capacity_L,max,3,5,OPTIMAL,2399.9999999999995,2400.0,4.547473508864641e-13,OPTIMAL,True,0.0,0.0,2.368475785867001e-13,7.105427357601002e-15,True,9.8e-05,capacity_L,90.0,80.0,10.0,10.000000000000004,rhs_linear,,2400.0,4.547473508864641e-13,True,cap_L
cap_L_100,sensitivity_capacity,capacity_L,max,3,5,OPTIMAL,2466.666666666666,2466.6666666666665,4.547473508864641e-13,OPTIMAL,True,0.0,0.0,2.368475785867001e-13,7.105427357601002e-15,True,0.000111,capacity_L,100.0,80.0,20.0,10.000000000000004,rhs_linear,,2500.0,33.33333333333394,False,cap_L
cap_L_110,sensitivity_capacity,capacity_L,max,3,5,OPTIMAL,2533.333333333333,2533.333333333333,0.0,OPTIMAL,True,0.0,0.0,2.368475785867001e-13,7.105427357601002e-15,True,9.7e-05,capacity_L,110.0,80.0,30.0,10.000000000000004,rhs_linear,,2600.0,66.66666666666697,False,cap_L
cap_L_120,sensitivity_capacity,capacity_L,max,3,5,OPTIMAL,2600.0,2600.0,0.0,OPTIMAL,True,0.0,0.0,1.4210854715202006e-13,7.105427357601002e-15,True,0.000102,capacity_L,120.0,80.0,40.0,10.000000000000004,rhs_linear,,2700.0,100.0,False,cap_L
cap_L_130,sensitivity_capacity,capacity_L,max,3,5,OPTIMAL,2650.0,2649.9999999999995,4.547473508864641e-13,OPTIMAL,True,0.0,0.0,2.842170943040402e-13,0.0,True,0.000105,capacity_L,130.0,80.0,50.0,10.000000000000004,rhs_linear,,2800.0,150.0,False,cap_L
cap_L_140,sensitivity_capacity,capacity_L,max,3,5,OPTIMAL,2700.0,2699.9999999999995,4.547473508864641e-13,OPTIMAL,True,0.0,0.0,2.842170943040402e-13,0.0,True,0.000175,capacity_L,140.0,80.0,60.0,10.000000000000004,rhs_linear,,2900.0,200.0,False,cap_L
cap_L_150,sensitivity_capacity,capacity_L,max,3,5,OPTIMAL,2749.9999999999995,2749.9999999999995,0.0,OPTIMAL,True,0.0,0.0,3.552713678800501e-13,0.0,True,0.000541,capacity_L,150.0,80.0,70.0,10.000000000000004,rhs_linear,,3000.0,250.00000000000045,False,cap_L
profit_P2_25,sensitivity_profit,profit_P2,max,3,5,OPTIMAL,2300.0,2300.0,0.0,OPTIMAL,True,0.0,0.0,2.1316282072803013e-13,0.0,True,0.000137,profit_P2,25.0,30.0,-5.0,-5.000000000000007,reduced_cost_breakeven,35.00000000000001,2300.0,0.0,True,x_P2
profit_P2_30,sensitivity_profit,profit_P2,max,3,5,OPTIMAL,2300.0,2300.0,0.0,OPTIMAL,True,0.0,0.0,2.1316282072803003e-13,0.0,True,0.000103,profit_P2,30.0,30.0,0.0,-5.000000000000007,reduced_cost_breakeven,35.00000000000001,2300.0,0.0,True,x_P2
profit_P2_35,sensitivity_profit,profit_P2,max,3,5,OPTIMAL,2300.0,2300.0,0.0,OPTIMAL,True,0.0,0.0,2.1316282072803e-13,0.0,True,0.000112,profit_P2,35.0,30.0,5.0,-5.000000000000007,reduced_cost_breakeven,35.00000000000001,2300.0,0.0,True,x_P2
profit_P2_40,sensitivity_profit,profit_P2,max,3,5,OPTIMAL,2399.9999999999995,2400.0,4.547473508864641e-13,OPTIMAL,True,0.0,0.0,3.7895612573872017e-13,0.0,True,0.000127,profit_P2,40.0,30.0,10.0,-5.000000000000007,reduced_cost_breakeven,35.00000000000001,,,True,x_P2
profit_P2_45,sensitivity_profit,profit_P2,max,3,5,OPTIMAL,2500.000000000001,2500.0,9.094947017729282e-13,OPTIMAL,True,2.842170943040401e-14,0.0,5.684341886080799e-13,7.105427357601002e-15,True,0.000106,profit_P2,45.0,30.0,15.0,-5.000000000000007,reduced_cost_breakeven,35.00000000000001,,,True,x_P2
demand_P1_10,sensitivity_demand,max_demand_P1,max,3,5,OPTIMAL,2150.0,2150.0,0.0,OPTIMAL,True,0.0,0.0,0.0,0.0,True,0.000105,max_demand_P1,10.0,40.0,-30.0,0.0,rhs_linear,,2300.0,150.0,False,demand_P1
demand_P1_15,sensitivity_demand,max_demand_P1,max,3,5,OPTIMAL,2225.0,2225.0,0.0,OPTIMAL,True,0.0,0.0,0.0,0.0,True,0.0001,max_demand_P1,15.0,40.0,-25.0,0.0,rhs_linear,,2300.0,75.0,False,demand_P1
demand_P1_20,sensitivity_demand,max_demand_P1,max,3,5,OPTIMAL,2300.0,2300.0,0.0,OPTIMAL,True,0.0,0.0,0.0,0.0,True,9.6e-05,max_demand_P1,20.0,40.0,-20.0,0.0,rhs_linear,,2300.0,0.0,True,demand_P1
demand_P1_25,sensitivity_demand,max_demand_P1,max,3,5,OPTIMAL,2300.0,2300.0,0.0,OPTIMAL,True,0.0,0.0,0.0,0.0,True,0.000108,max_demand_P1,25.0,40.0,-15.0,0.0,rhs_linear,,2300.0,0.0,True,demand_P1
demand_P1_30,sensitivity_demand,max_demand_P1,max,3,5,OPTIMAL,2300.0,2300.0,0.0,OPTIMAL,True,0.0,0.0,2.1316282072803003e-13,0.0,True,0.000108,max_demand_P1,30.0,40.0,-10.0,0.0,rhs_linear,,2300.0,0.0,True,demand_P1
demand_P1_40,sensitivity_demand,max_demand_P1,max,3,5,OPTIMAL,2300.0,2300.0,0.0,OPTIMAL,True,0.0,0.0,2.1316282072803003e-13,0.0,True,9.7e-05,max_demand_P1,40.0,40.0,0.0,0.0,rhs_linear,,2300.0,0.0,True,demand_P1
