run_id,instance,input_sha256,group,algorithm,seed,objective_name,budget,temperature,cooling,status,objective,evaluations,elapsed_seconds,reference_type,reference,gap,failure_reason
tiny_single__main__lpt__0,tiny_single,e55495a649146422c71d4bbceadd6dcfc4c027a6c3605a643ef53ca6a677986a,main,lpt,0,total_tardiness,150,10.0,0.98,BASELINE,57.0,1,0.0004072999581694603,optimum,36.0,0.5833333333333334,
tiny_single__main__lpt__1,tiny_single,e55495a649146422c71d4bbceadd6dcfc4c027a6c3605a643ef53ca6a677986a,main,lpt,1,total_tardiness,150,10.0,0.98,BASELINE,57.0,1,0.0001449999981559813,optimum,36.0,0.5833333333333334,
tiny_single__main__lpt__2,tiny_single,e55495a649146422c71d4bbceadd6dcfc4c027a6c3605a643ef53ca6a677986a,main,lpt,2,total_tardiness,150,10.0,0.98,BASELINE,57.0,1,0.00014049996389076114,optimum,36.0,0.5833333333333334,
tiny_single__main__random__0,tiny_single,e55495a649146422c71d4bbceadd6dcfc4c027a6c3605a643ef53ca6a677986a,main,random,0,total_tardiness,150,10.0,0.98,BUDGET,36.0,150,0.010323400027118623,optimum,36.0,0.0,
tiny_single__main__random__1,tiny_single,e55495a649146422c71d4bbceadd6dcfc4c027a6c3605a643ef53ca6a677986a,main,random,1,total_tardiness,150,10.0,0.98,BUDGET,36.0,150,0.01036980003118515,optimum,36.0,0.0,
tiny_single__main__random__2,tiny_single,e55495a649146422c71d4bbceadd6dcfc4c027a6c3605a643ef53ca6a677986a,main,random,2,total_tardiness,150,10.0,0.98,BUDGET,36.0,150,0.010321400011889637,optimum,36.0,0.0,
tiny_single__main__first__0,tiny_single,e55495a649146422c71d4bbceadd6dcfc4c027a6c3605a643ef53ca6a677986a,main,first,0,total_tardiness,150,10.0,0.98,LOCAL_OPTIMUM,36.0,23,0.0018014000379480422,optimum,36.0,0.0,
tiny_single__main__first__1,tiny_single,e55495a649146422c71d4bbceadd6dcfc4c027a6c3605a643ef53ca6a677986a,main,first,1,total_tardiness,150,10.0,0.98,LOCAL_OPTIMUM,36.0,23,0.0017852000310085714,optimum,36.0,0.0,
tiny_single__main__first__2,tiny_single,e55495a649146422c71d4bbceadd6dcfc4c027a6c3605a643ef53ca6a677986a,main,first,2,total_tardiness,150,10.0,0.98,LOCAL_OPTIMUM,36.0,23,0.0017636000411584973,optimum,36.0,0.0,
tiny_single__main__best__0,tiny_single,e55495a649146422c71d4bbceadd6dcfc4c027a6c3605a643ef53ca6a677986a,main,best,0,total_tardiness,150,10.0,0.98,LOCAL_OPTIMUM,36.0,37,0.002844400005415082,optimum,36.0,0.0,
tiny_single__main__best__1,tiny_single,e55495a649146422c71d4bbceadd6dcfc4c027a6c3605a643ef53ca6a677986a,main,best,1,total_tardiness,150,10.0,0.98,LOCAL_OPTIMUM,36.0,37,0.0028454000130295753,optimum,36.0,0.0,
tiny_single__main__best__2,tiny_single,e55495a649146422c71d4bbceadd6dcfc4c027a6c3605a643ef53ca6a677986a,main,best,2,total_tardiness,150,10.0,0.98,LOCAL_OPTIMUM,36.0,37,0.002834599989000708,optimum,36.0,0.0,
tiny_single__main__multistart__0,tiny_single,e55495a649146422c71d4bbceadd6dcfc4c027a6c3605a643ef53ca6a677986a,main,multistart,0,total_tardiness,150,10.0,0.98,BUDGET,36.0,150,0.011234800040256232,optimum,36.0,0.0,
tiny_single__main__multistart__1,tiny_single,e55495a649146422c71d4bbceadd6dcfc4c027a6c3605a643ef53ca6a677986a,main,multistart,1,total_tardiness,150,10.0,0.98,BUDGET,36.0,150,0.011241200030781329,optimum,36.0,0.0,
tiny_single__main__multistart__2,tiny_single,e55495a649146422c71d4bbceadd6dcfc4c027a6c3605a643ef53ca6a677986a,main,multistart,2,total_tardiness,150,10.0,0.98,BUDGET,36.0,150,0.011129199992865324,optimum,36.0,0.0,
tiny_single__main__sa__0,tiny_single,e55495a649146422c71d4bbceadd6dcfc4c027a6c3605a643ef53ca6a677986a,main,sa,0,total_tardiness,150,10.0,0.98,BUDGET,36.0,150,0.010486199986189604,optimum,36.0,0.0,
tiny_single__main__sa__1,tiny_single,e55495a649146422c71d4bbceadd6dcfc4c027a6c3605a643ef53ca6a677986a,main,sa,1,total_tardiness,150,10.0,0.98,BUDGET,36.0,150,0.010605700023006648,optimum,36.0,0.0,
tiny_single__main__sa__2,tiny_single,e55495a649146422c71d4bbceadd6dcfc4c027a6c3605a643ef53ca6a677986a,main,sa,2,total_tardiness,150,10.0,0.98,BUDGET,36.0,150,0.010542000003624707,optimum,36.0,0.0,
tiny_single__sa_t0.1_c0.98__sa__0,tiny_single,e55495a649146422c71d4bbceadd6dcfc4c027a6c3605a643ef53ca6a677986a,sa_t0.1_c0.98,sa,0,total_tardiness,150,0.1,0.98,BUDGET,36.0,150,0.010437700024340302,optimum,36.0,0.0,
tiny_single__sa_t0.1_c0.98__sa__1,tiny_single,e55495a649146422c71d4bbceadd6dcfc4c027a6c3605a643ef53ca6a677986a,sa_t0.1_c0.98,sa,1,total_tardiness,150,0.1,0.98,BUDGET,36.0,150,0.010447999986354262,optimum,36.0,0.0,
tiny_single__sa_t0.1_c0.98__sa__2,tiny_single,e55495a649146422c71d4bbceadd6dcfc4c027a6c3605a643ef53ca6a677986a,sa_t0.1_c0.98,sa,2,total_tardiness,150,0.1,0.98,BUDGET,36.0,150,0.010370999982114881,optimum,36.0,0.0,
tiny_single__sa_t100.0_c0.98__sa__0,tiny_single,e55495a649146422c71d4bbceadd6dcfc4c027a6c3605a643ef53ca6a677986a,sa_t100.0_c0.98,sa,0,total_tardiness,150,100.0,0.98,BUDGET,36.0,150,0.010346699971705675,optimum,36.0,0.0,
tiny_single__sa_t100.0_c0.98__sa__1,tiny_single,e55495a649146422c71d4bbceadd6dcfc4c027a6c3605a643ef53ca6a677986a,sa_t100.0_c0.98,sa,1,total_tardiness,150,100.0,0.98,BUDGET,36.0,150,0.010373900004196912,optimum,36.0,0.0,
tiny_single__sa_t100.0_c0.98__sa__2,tiny_single,e55495a649146422c71d4bbceadd6dcfc4c027a6c3605a643ef53ca6a677986a,sa_t100.0_c0.98,sa,2,total_tardiness,150,100.0,0.98,BUDGET,36.0,150,0.010348499985411763,optimum,36.0,0.0,
tiny_single__sa_t10.0_c0.9__sa__0,tiny_single,e55495a649146422c71d4bbceadd6dcfc4c027a6c3605a643ef53ca6a677986a,sa_t10.0_c0.9,sa,0,total_tardiness,150,10.0,0.9,BUDGET,36.0,150,0.010496300004888326,optimum,36.0,0.0,
tiny_single__sa_t10.0_c0.9__sa__1,tiny_single,e55495a649146422c71d4bbceadd6dcfc4c027a6c3605a643ef53ca6a677986a,sa_t10.0_c0.9,sa,1,total_tardiness,150,10.0,0.9,BUDGET,36.0,150,0.010475900024175644,optimum,36.0,0.0,
tiny_single__sa_t10.0_c0.9__sa__2,tiny_single,e55495a649146422c71d4bbceadd6dcfc4c027a6c3605a643ef53ca6a677986a,sa_t10.0_c0.9,sa,2,total_tardiness,150,10.0,0.9,BUDGET,36.0,150,0.010455299983732402,optimum,36.0,0.0,
tiny_parallel__main__lpt__0,tiny_parallel,01af25b0b32a85afe63efe71d03e93267f3ab588f21aa3fea42a2731a1404453,main,lpt,0,makespan,150,10.0,0.98,BASELINE,38.0,1,0.0001422999775968492,optimum,38.0,0.0,
tiny_parallel__main__lpt__1,tiny_parallel,01af25b0b32a85afe63efe71d03e93267f3ab588f21aa3fea42a2731a1404453,main,lpt,1,makespan,150,10.0,0.98,BASELINE,38.0,1,0.0001425000373274088,optimum,38.0,0.0,
tiny_parallel__main__lpt__2,tiny_parallel,01af25b0b32a85afe63efe71d03e93267f3ab588f21aa3fea42a2731a1404453,main,lpt,2,makespan,150,10.0,0.98,BASELINE,38.0,1,0.00014329998521134257,optimum,38.0,0.0,
tiny_parallel__main__random__0,tiny_parallel,01af25b0b32a85afe63efe71d03e93267f3ab588f21aa3fea42a2731a1404453,main,random,0,makespan,150,10.0,0.98,BUDGET,38.0,150,0.01140229997690767,optimum,38.0,0.0,
tiny_parallel__main__random__1,tiny_parallel,01af25b0b32a85afe63efe71d03e93267f3ab588f21aa3fea42a2731a1404453,main,random,1,makespan,150,10.0,0.98,BUDGET,38.0,150,0.01102610002271831,optimum,38.0,0.0,
tiny_parallel__main__random__2,tiny_parallel,01af25b0b32a85afe63efe71d03e93267f3ab588f21aa3fea42a2731a1404453,main,random,2,makespan,150,10.0,0.98,BUDGET,38.0,150,0.010950999974738806,optimum,38.0,0.0,
tiny_parallel__main__first__0,tiny_parallel,01af25b0b32a85afe63efe71d03e93267f3ab588f21aa3fea42a2731a1404453,main,first,0,makespan,150,10.0,0.98,LOCAL_OPTIMUM,38.0,17,0.0013936000177636743,optimum,38.0,0.0,
tiny_parallel__main__first__1,tiny_parallel,01af25b0b32a85afe63efe71d03e93267f3ab588f21aa3fea42a2731a1404453,main,first,1,makespan,150,10.0,0.98,LOCAL_OPTIMUM,38.0,17,0.0019886999507434666,optimum,38.0,0.0,
tiny_parallel__main__first__2,tiny_parallel,01af25b0b32a85afe63efe71d03e93267f3ab588f21aa3fea42a2731a1404453,main,first,2,makespan,150,10.0,0.98,LOCAL_OPTIMUM,38.0,17,0.0013618000084534287,optimum,38.0,0.0,
tiny_parallel__main__best__0,tiny_parallel,01af25b0b32a85afe63efe71d03e93267f3ab588f21aa3fea42a2731a1404453,main,best,0,makespan,150,10.0,0.98,LOCAL_OPTIMUM,38.0,17,0.0013615000061690807,optimum,38.0,0.0,
tiny_parallel__main__best__1,tiny_parallel,01af25b0b32a85afe63efe71d03e93267f3ab588f21aa3fea42a2731a1404453,main,best,1,makespan,150,10.0,0.98,LOCAL_OPTIMUM,38.0,17,0.0013679999974556267,optimum,38.0,0.0,
tiny_parallel__main__best__2,tiny_parallel,01af25b0b32a85afe63efe71d03e93267f3ab588f21aa3fea42a2731a1404453,main,best,2,makespan,150,10.0,0.98,LOCAL_OPTIMUM,38.0,17,0.0013651999761350453,optimum,38.0,0.0,
tiny_parallel__main__multistart__0,tiny_parallel,01af25b0b32a85afe63efe71d03e93267f3ab588f21aa3fea42a2731a1404453,main,multistart,0,makespan,150,10.0,0.98,BUDGET,38.0,150,0.01156100002117455,optimum,38.0,0.0,
tiny_parallel__main__multistart__1,tiny_parallel,01af25b0b32a85afe63efe71d03e93267f3ab588f21aa3fea42a2731a1404453,main,multistart,1,makespan,150,10.0,0.98,BUDGET,38.0,150,0.011520800006110221,optimum,38.0,0.0,
tiny_parallel__main__multistart__2,tiny_parallel,01af25b0b32a85afe63efe71d03e93267f3ab588f21aa3fea42a2731a1404453,main,multistart,2,makespan,150,10.0,0.98,BUDGET,38.0,150,0.011530199961271137,optimum,38.0,0.0,
tiny_parallel__main__sa__0,tiny_parallel,01af25b0b32a85afe63efe71d03e93267f3ab588f21aa3fea42a2731a1404453,main,sa,0,makespan,150,10.0,0.98,BUDGET,38.0,150,0.010813900036737323,optimum,38.0,0.0,
tiny_parallel__main__sa__1,tiny_parallel,01af25b0b32a85afe63efe71d03e93267f3ab588f21aa3fea42a2731a1404453,main,sa,1,makespan,150,10.0,0.98,BUDGET,38.0,150,0.010798800038173795,optimum,38.0,0.0,
tiny_parallel__main__sa__2,tiny_parallel,01af25b0b32a85afe63efe71d03e93267f3ab588f21aa3fea42a2731a1404453,main,sa,2,makespan,150,10.0,0.98,BUDGET,38.0,150,0.010748000000603497,optimum,38.0,0.0,
tiny_parallel__sa_t0.1_c0.98__sa__0,tiny_parallel,01af25b0b32a85afe63efe71d03e93267f3ab588f21aa3fea42a2731a1404453,sa_t0.1_c0.98,sa,0,makespan,150,0.1,0.98,BUDGET,38.0,150,0.010751199966762215,optimum,38.0,0.0,
tiny_parallel__sa_t0.1_c0.98__sa__1,tiny_parallel,01af25b0b32a85afe63efe71d03e93267f3ab588f21aa3fea42a2731a1404453,sa_t0.1_c0.98,sa,1,makespan,150,0.1,0.98,BUDGET,38.0,150,0.011130999948363751,optimum,38.0,0.0,
tiny_parallel__sa_t0.1_c0.98__sa__2,tiny_parallel,01af25b0b32a85afe63efe71d03e93267f3ab588f21aa3fea42a2731a1404453,sa_t0.1_c0.98,sa,2,makespan,150,0.1,0.98,BUDGET,38.0,150,0.010805699974298477,optimum,38.0,0.0,
tiny_parallel__sa_t100.0_c0.98__sa__0,tiny_parallel,01af25b0b32a85afe63efe71d03e93267f3ab588f21aa3fea42a2731a1404453,sa_t100.0_c0.98,sa,0,makespan,150,100.0,0.98,BUDGET,38.0,150,0.011469599965494126,optimum,38.0,0.0,
tiny_parallel__sa_t100.0_c0.98__sa__1,tiny_parallel,01af25b0b32a85afe63efe71d03e93267f3ab588f21aa3fea42a2731a1404453,sa_t100.0_c0.98,sa,1,makespan,150,100.0,0.98,BUDGET,38.0,150,0.011145800002850592,optimum,38.0,0.0,
tiny_parallel__sa_t100.0_c0.98__sa__2,tiny_parallel,01af25b0b32a85afe63efe71d03e93267f3ab588f21aa3fea42a2731a1404453,sa_t100.0_c0.98,sa,2,makespan,150,100.0,0.98,BUDGET,38.0,150,0.011047100007999688,optimum,38.0,0.0,
tiny_parallel__sa_t10.0_c0.9__sa__0,tiny_parallel,01af25b0b32a85afe63efe71d03e93267f3ab588f21aa3fea42a2731a1404453,sa_t10.0_c0.9,sa,0,makespan,150,10.0,0.9,BUDGET,38.0,150,0.011604400002397597,optimum,38.0,0.0,
tiny_parallel__sa_t10.0_c0.9__sa__1,tiny_parallel,01af25b0b32a85afe63efe71d03e93267f3ab588f21aa3fea42a2731a1404453,sa_t10.0_c0.9,sa,1,makespan,150,10.0,0.9,BUDGET,38.0,150,0.012016900000162423,optimum,38.0,0.0,
tiny_parallel__sa_t10.0_c0.9__sa__2,tiny_parallel,01af25b0b32a85afe63efe71d03e93267f3ab588f21aa3fea42a2731a1404453,sa_t10.0_c0.9,sa,2,makespan,150,10.0,0.9,BUDGET,38.0,150,0.011806099966634065,optimum,38.0,0.0,
single_12__main__lpt__0,single_12,de904454fddb4a082f8efe66a26c940f94997a57de4f5098ddd6034ff67564df,main,lpt,0,total_tardiness,150,10.0,0.98,BASELINE,719.0,1,0.00027679995400831103,best-known,250.0,1.876,
single_12__main__lpt__1,single_12,de904454fddb4a082f8efe66a26c940f94997a57de4f5098ddd6034ff67564df,main,lpt,1,total_tardiness,150,10.0,0.98,BASELINE,719.0,1,0.00025189999723806977,best-known,250.0,1.876,
single_12__main__lpt__2,single_12,de904454fddb4a082f8efe66a26c940f94997a57de4f5098ddd6034ff67564df,main,lpt,2,total_tardiness,150,10.0,0.98,BASELINE,719.0,1,0.0002634000265970826,best-known,250.0,1.876,
single_12__main__random__0,single_12,de904454fddb4a082f8efe66a26c940f94997a57de4f5098ddd6034ff67564df,main,random,0,total_tardiness,150,10.0,0.98,BUDGET,303.0,150,0.0249634999781847,best-known,250.0,0.212,
single_12__main__random__1,single_12,de904454fddb4a082f8efe66a26c940f94997a57de4f5098ddd6034ff67564df,main,random,1,total_tardiness,150,10.0,0.98,BUDGET,340.0,150,0.025157199997920543,best-known,250.0,0.36,
single_12__main__random__2,single_12,de904454fddb4a082f8efe66a26c940f94997a57de4f5098ddd6034ff67564df,main,random,2,total_tardiness,150,10.0,0.98,BUDGET,296.0,150,0.02464960003271699,best-known,250.0,0.184,
single_12__main__first__0,single_12,de904454fddb4a082f8efe66a26c940f94997a57de4f5098ddd6034ff67564df,main,first,0,total_tardiness,150,10.0,0.98,BUDGET,575.0,150,0.022658499947283417,best-known,250.0,1.3,
single_12__main__first__1,single_12,de904454fddb4a082f8efe66a26c940f94997a57de4f5098ddd6034ff67564df,main,first,1,total_tardiness,150,10.0,0.98,BUDGET,575.0,150,0.022750700009055436,best-known,250.0,1.3,
single_12__main__first__2,single_12,de904454fddb4a082f8efe66a26c940f94997a57de4f5098ddd6034ff67564df,main,first,2,total_tardiness,150,10.0,0.98,BUDGET,575.0,150,0.02263889997266233,best-known,250.0,1.3,
single_12__main__best__0,single_12,de904454fddb4a082f8efe66a26c940f94997a57de4f5098ddd6034ff67564df,main,best,0,total_tardiness,150,10.0,0.98,BUDGET,529.0,150,0.022746299975551665,best-known,250.0,1.116,
single_12__main__best__1,single_12,de904454fddb4a082f8efe66a26c940f94997a57de4f5098ddd6034ff67564df,main,best,1,total_tardiness,150,10.0,0.98,BUDGET,529.0,150,0.022899099974893034,best-known,250.0,1.116,
single_12__main__best__2,single_12,de904454fddb4a082f8efe66a26c940f94997a57de4f5098ddd6034ff67564df,main,best,2,total_tardiness,150,10.0,0.98,BUDGET,529.0,150,0.02274569997098297,best-known,250.0,1.116,
single_12__main__multistart__0,single_12,de904454fddb4a082f8efe66a26c940f94997a57de4f5098ddd6034ff67564df,main,multistart,0,total_tardiness,150,10.0,0.98,BUDGET,371.0,150,0.022707699972670525,best-known,250.0,0.484,
single_12__main__multistart__1,single_12,de904454fddb4a082f8efe66a26c940f94997a57de4f5098ddd6034ff67564df,main,multistart,1,total_tardiness,150,10.0,0.98,BUDGET,322.0,150,0.022635300003457814,best-known,250.0,0.288,
single_12__main__multistart__2,single_12,de904454fddb4a082f8efe66a26c940f94997a57de4f5098ddd6034ff67564df,main,multistart,2,total_tardiness,150,10.0,0.98,BUDGET,426.0,150,0.022748099989257753,best-known,250.0,0.704,
single_12__main__sa__0,single_12,de904454fddb4a082f8efe66a26c940f94997a57de4f5098ddd6034ff67564df,main,sa,0,total_tardiness,150,10.0,0.98,BUDGET,263.0,150,0.022691500023938715,best-known,250.0,0.052,
single_12__main__sa__1,single_12,de904454fddb4a082f8efe66a26c940f94997a57de4f5098ddd6034ff67564df,main,sa,1,total_tardiness,150,10.0,0.98,BUDGET,266.0,150,0.02285959996515885,best-known,250.0,0.064,
single_12__main__sa__2,single_12,de904454fddb4a082f8efe66a26c940f94997a57de4f5098ddd6034ff67564df,main,sa,2,total_tardiness,150,10.0,0.98,BUDGET,256.0,150,0.022903700009919703,best-known,250.0,0.024,
single_12__sa_t0.1_c0.98__sa__0,single_12,de904454fddb4a082f8efe66a26c940f94997a57de4f5098ddd6034ff67564df,sa_t0.1_c0.98,sa,0,total_tardiness,150,0.1,0.98,BUDGET,255.0,150,0.022798199963290244,best-known,250.0,0.02,
single_12__sa_t0.1_c0.98__sa__1,single_12,de904454fddb4a082f8efe66a26c940f94997a57de4f5098ddd6034ff67564df,sa_t0.1_c0.98,sa,1,total_tardiness,150,0.1,0.98,BUDGET,270.0,150,0.022781800013035536,best-known,250.0,0.08,
single_12__sa_t0.1_c0.98__sa__2,single_12,de904454fddb4a082f8efe66a26c940f94997a57de4f5098ddd6034ff67564df,sa_t0.1_c0.98,sa,2,total_tardiness,150,0.1,0.98,BUDGET,261.0,150,0.022670800040941685,best-known,250.0,0.044,
single_12__sa_t100.0_c0.98__sa__0,single_12,de904454fddb4a082f8efe66a26c940f94997a57de4f5098ddd6034ff67564df,sa_t100.0_c0.98,sa,0,total_tardiness,150,100.0,0.98,BUDGET,288.0,150,0.022745899972505867,best-known,250.0,0.152,
single_12__sa_t100.0_c0.98__sa__1,single_12,de904454fddb4a082f8efe66a26c940f94997a57de4f5098ddd6034ff67564df,sa_t100.0_c0.98,sa,1,total_tardiness,150,100.0,0.98,BUDGET,293.0,150,0.022690000012516975,best-known,250.0,0.172,
single_12__sa_t100.0_c0.98__sa__2,single_12,de904454fddb4a082f8efe66a26c940f94997a57de4f5098ddd6034ff67564df,sa_t100.0_c0.98,sa,2,total_tardiness,150,100.0,0.98,BUDGET,267.0,150,0.022860799974296242,best-known,250.0,0.068,
single_12__sa_t10.0_c0.9__sa__0,single_12,de904454fddb4a082f8efe66a26c940f94997a57de4f5098ddd6034ff67564df,sa_t10.0_c0.9,sa,0,total_tardiness,150,10.0,0.9,BUDGET,255.0,150,0.0227310000336729,best-known,250.0,0.02,
single_12__sa_t10.0_c0.9__sa__1,single_12,de904454fddb4a082f8efe66a26c940f94997a57de4f5098ddd6034ff67564df,sa_t10.0_c0.9,sa,1,total_tardiness,150,10.0,0.9,BUDGET,250.0,150,0.0227428000071086,best-known,250.0,0.0,
single_12__sa_t10.0_c0.9__sa__2,single_12,de904454fddb4a082f8efe66a26c940f94997a57de4f5098ddd6034ff67564df,sa_t10.0_c0.9,sa,2,total_tardiness,150,10.0,0.9,BUDGET,261.0,150,0.022658800007775426,best-known,250.0,0.044,
parallel_12__main__lpt__0,parallel_12,8af7c957e42e17ad0f5c23a6406046dad98822892c51e335254dfcea536d7852,main,lpt,0,makespan,150,10.0,0.98,BASELINE,45.0,1,0.0002930000191554427,best-known,43.0,0.046511627906976744,
parallel_12__main__lpt__1,parallel_12,8af7c957e42e17ad0f5c23a6406046dad98822892c51e335254dfcea536d7852,main,lpt,1,makespan,150,10.0,0.98,BASELINE,45.0,1,0.0002701000194065273,best-known,43.0,0.046511627906976744,
parallel_12__main__lpt__2,parallel_12,8af7c957e42e17ad0f5c23a6406046dad98822892c51e335254dfcea536d7852,main,lpt,2,makespan,150,10.0,0.98,BASELINE,45.0,1,0.0002798999776132405,best-known,43.0,0.046511627906976744,
parallel_12__main__random__0,parallel_12,8af7c957e42e17ad0f5c23a6406046dad98822892c51e335254dfcea536d7852,main,random,0,makespan,150,10.0,0.98,BUDGET,44.0,150,0.024716700019780546,best-known,43.0,0.023255813953488372,
parallel_12__main__random__1,parallel_12,8af7c957e42e17ad0f5c23a6406046dad98822892c51e335254dfcea536d7852,main,random,1,makespan,150,10.0,0.98,BUDGET,45.0,150,0.02465710003161803,best-known,43.0,0.046511627906976744,
parallel_12__main__random__2,parallel_12,8af7c957e42e17ad0f5c23a6406046dad98822892c51e335254dfcea536d7852,main,random,2,makespan,150,10.0,0.98,BUDGET,44.0,150,0.02477519999956712,best-known,43.0,0.023255813953488372,
parallel_12__main__first__0,parallel_12,8af7c957e42e17ad0f5c23a6406046dad98822892c51e335254dfcea536d7852,main,first,0,makespan,150,10.0,0.98,BUDGET,45.0,150,0.023671100032515824,best-known,43.0,0.046511627906976744,
parallel_12__main__first__1,parallel_12,8af7c957e42e17ad0f5c23a6406046dad98822892c51e335254dfcea536d7852,main,first,1,makespan,150,10.0,0.98,BUDGET,45.0,150,0.024500700004864484,best-known,43.0,0.046511627906976744,
parallel_12__main__first__2,parallel_12,8af7c957e42e17ad0f5c23a6406046dad98822892c51e335254dfcea536d7852,main,first,2,makespan,150,10.0,0.98,BUDGET,45.0,150,0.02365809999173507,best-known,43.0,0.046511627906976744,
parallel_12__main__best__0,parallel_12,8af7c957e42e17ad0f5c23a6406046dad98822892c51e335254dfcea536d7852,main,best,0,makespan,150,10.0,0.98,BUDGET,45.0,150,0.023610500036738813,best-known,43.0,0.046511627906976744,
parallel_12__main__best__1,parallel_12,8af7c957e42e17ad0f5c23a6406046dad98822892c51e335254dfcea536d7852,main,best,1,makespan,150,10.0,0.98,BUDGET,45.0,150,0.02358099998673424,best-known,43.0,0.046511627906976744,
parallel_12__main__best__2,parallel_12,8af7c957e42e17ad0f5c23a6406046dad98822892c51e335254dfcea536d7852,main,best,2,makespan,150,10.0,0.98,BUDGET,45.0,150,0.023779800045304,best-known,43.0,0.046511627906976744,
parallel_12__main__multistart__0,parallel_12,8af7c957e42e17ad0f5c23a6406046dad98822892c51e335254dfcea536d7852,main,multistart,0,makespan,150,10.0,0.98,BUDGET,45.0,150,0.02350700000533834,best-known,43.0,0.046511627906976744,
parallel_12__main__multistart__1,parallel_12,8af7c957e42e17ad0f5c23a6406046dad98822892c51e335254dfcea536d7852,main,multistart,1,makespan,150,10.0,0.98,BUDGET,45.0,150,0.02363000001059845,best-known,43.0,0.046511627906976744,
parallel_12__main__multistart__2,parallel_12,8af7c957e42e17ad0f5c23a6406046dad98822892c51e335254dfcea536d7852,main,multistart,2,makespan,150,10.0,0.98,BUDGET,45.0,150,0.023598500003572553,best-known,43.0,0.046511627906976744,
parallel_12__main__sa__0,parallel_12,8af7c957e42e17ad0f5c23a6406046dad98822892c51e335254dfcea536d7852,main,sa,0,makespan,150,10.0,0.98,BUDGET,45.0,150,0.02360920002683997,best-known,43.0,0.046511627906976744,
parallel_12__main__sa__1,parallel_12,8af7c957e42e17ad0f5c23a6406046dad98822892c51e335254dfcea536d7852,main,sa,1,makespan,150,10.0,0.98,BUDGET,44.0,150,0.02358709997497499,best-known,43.0,0.023255813953488372,
parallel_12__main__sa__2,parallel_12,8af7c957e42e17ad0f5c23a6406046dad98822892c51e335254dfcea536d7852,main,sa,2,makespan,150,10.0,0.98,BUDGET,45.0,150,0.02362140000332147,best-known,43.0,0.046511627906976744,
parallel_12__sa_t0.1_c0.98__sa__0,parallel_12,8af7c957e42e17ad0f5c23a6406046dad98822892c51e335254dfcea536d7852,sa_t0.1_c0.98,sa,0,makespan,150,0.1,0.98,BUDGET,45.0,150,0.02355029998579994,best-known,43.0,0.046511627906976744,
parallel_12__sa_t0.1_c0.98__sa__1,parallel_12,8af7c957e42e17ad0f5c23a6406046dad98822892c51e335254dfcea536d7852,sa_t0.1_c0.98,sa,1,makespan,150,0.1,0.98,BUDGET,44.0,150,0.023632300028111786,best-known,43.0,0.023255813953488372,
parallel_12__sa_t0.1_c0.98__sa__2,parallel_12,8af7c957e42e17ad0f5c23a6406046dad98822892c51e335254dfcea536d7852,sa_t0.1_c0.98,sa,2,makespan,150,0.1,0.98,BUDGET,45.0,150,0.023685300024226308,best-known,43.0,0.046511627906976744,
parallel_12__sa_t100.0_c0.98__sa__0,parallel_12,8af7c957e42e17ad0f5c23a6406046dad98822892c51e335254dfcea536d7852,sa_t100.0_c0.98,sa,0,makespan,150,100.0,0.98,BUDGET,44.0,150,0.02387590002035722,best-known,43.0,0.023255813953488372,
parallel_12__sa_t100.0_c0.98__sa__1,parallel_12,8af7c957e42e17ad0f5c23a6406046dad98822892c51e335254dfcea536d7852,sa_t100.0_c0.98,sa,1,makespan,150,100.0,0.98,BUDGET,45.0,150,0.024210300005506724,best-known,43.0,0.046511627906976744,
parallel_12__sa_t100.0_c0.98__sa__2,parallel_12,8af7c957e42e17ad0f5c23a6406046dad98822892c51e335254dfcea536d7852,sa_t100.0_c0.98,sa,2,makespan,150,100.0,0.98,BUDGET,44.0,150,0.0237409999826923,best-known,43.0,0.023255813953488372,
parallel_12__sa_t10.0_c0.9__sa__0,parallel_12,8af7c957e42e17ad0f5c23a6406046dad98822892c51e335254dfcea536d7852,sa_t10.0_c0.9,sa,0,makespan,150,10.0,0.9,BUDGET,43.0,150,0.02385830000275746,best-known,43.0,0.0,
parallel_12__sa_t10.0_c0.9__sa__1,parallel_12,8af7c957e42e17ad0f5c23a6406046dad98822892c51e335254dfcea536d7852,sa_t10.0_c0.9,sa,1,makespan,150,10.0,0.9,BUDGET,45.0,150,0.023667700006626546,best-known,43.0,0.046511627906976744,
parallel_12__sa_t10.0_c0.9__sa__2,parallel_12,8af7c957e42e17ad0f5c23a6406046dad98822892c51e335254dfcea536d7852,sa_t10.0_c0.9,sa,2,makespan,150,10.0,0.9,BUDGET,45.0,150,0.023651499999687076,best-known,43.0,0.046511627906976744,
parallel_24__main__lpt__0,parallel_24,54f0c68424dbeeff0dc38517d6855d9d1da02545b8f913ed8b969bc35c6b9be3,main,lpt,0,makespan,150,10.0,0.98,BASELINE,95.0,1,0.00048210000386461616,best-known,90.0,0.05555555555555555,
parallel_24__main__lpt__1,parallel_24,54f0c68424dbeeff0dc38517d6855d9d1da02545b8f913ed8b969bc35c6b9be3,main,lpt,1,makespan,150,10.0,0.98,BASELINE,95.0,1,0.00046440004371106625,best-known,90.0,0.05555555555555555,
parallel_24__main__lpt__2,parallel_24,54f0c68424dbeeff0dc38517d6855d9d1da02545b8f913ed8b969bc35c6b9be3,main,lpt,2,makespan,150,10.0,0.98,BASELINE,95.0,1,0.00046030001249164343,best-known,90.0,0.05555555555555555,
parallel_24__main__random__0,parallel_24,54f0c68424dbeeff0dc38517d6855d9d1da02545b8f913ed8b969bc35c6b9be3,main,random,0,makespan,150,10.0,0.98,BUDGET,95.0,150,0.04496050003217533,best-known,90.0,0.05555555555555555,
parallel_24__main__random__1,parallel_24,54f0c68424dbeeff0dc38517d6855d9d1da02545b8f913ed8b969bc35c6b9be3,main,random,1,makespan,150,10.0,0.98,BUDGET,95.0,150,0.04537449998315424,best-known,90.0,0.05555555555555555,
parallel_24__main__random__2,parallel_24,54f0c68424dbeeff0dc38517d6855d9d1da02545b8f913ed8b969bc35c6b9be3,main,random,2,makespan,150,10.0,0.98,BUDGET,93.0,150,0.04513280000537634,best-known,90.0,0.03333333333333333,
parallel_24__main__first__0,parallel_24,54f0c68424dbeeff0dc38517d6855d9d1da02545b8f913ed8b969bc35c6b9be3,main,first,0,makespan,150,10.0,0.98,BUDGET,92.0,150,0.04210079996846616,best-known,90.0,0.022222222222222223,
parallel_24__main__first__1,parallel_24,54f0c68424dbeeff0dc38517d6855d9d1da02545b8f913ed8b969bc35c6b9be3,main,first,1,makespan,150,10.0,0.98,BUDGET,92.0,150,0.04189120000228286,best-known,90.0,0.022222222222222223,
parallel_24__main__first__2,parallel_24,54f0c68424dbeeff0dc38517d6855d9d1da02545b8f913ed8b969bc35c6b9be3,main,first,2,makespan,150,10.0,0.98,BUDGET,92.0,150,0.04184190003434196,best-known,90.0,0.022222222222222223,
parallel_24__main__best__0,parallel_24,54f0c68424dbeeff0dc38517d6855d9d1da02545b8f913ed8b969bc35c6b9be3,main,best,0,makespan,150,10.0,0.98,BUDGET,94.0,150,0.04198280000127852,best-known,90.0,0.044444444444444446,
parallel_24__main__best__1,parallel_24,54f0c68424dbeeff0dc38517d6855d9d1da02545b8f913ed8b969bc35c6b9be3,main,best,1,makespan,150,10.0,0.98,BUDGET,94.0,150,0.04213209997396916,best-known,90.0,0.044444444444444446,
parallel_24__main__best__2,parallel_24,54f0c68424dbeeff0dc38517d6855d9d1da02545b8f913ed8b969bc35c6b9be3,main,best,2,makespan,150,10.0,0.98,BUDGET,94.0,150,0.04205280001042411,best-known,90.0,0.044444444444444446,
parallel_24__main__multistart__0,parallel_24,54f0c68424dbeeff0dc38517d6855d9d1da02545b8f913ed8b969bc35c6b9be3,main,multistart,0,makespan,150,10.0,0.98,BUDGET,94.0,150,0.042283300019335,best-known,90.0,0.044444444444444446,
parallel_24__main__multistart__1,parallel_24,54f0c68424dbeeff0dc38517d6855d9d1da02545b8f913ed8b969bc35c6b9be3,main,multistart,1,makespan,150,10.0,0.98,BUDGET,94.0,150,0.04224499996053055,best-known,90.0,0.044444444444444446,
parallel_24__main__multistart__2,parallel_24,54f0c68424dbeeff0dc38517d6855d9d1da02545b8f913ed8b969bc35c6b9be3,main,multistart,2,makespan,150,10.0,0.98,BUDGET,94.0,150,0.042201299977023154,best-known,90.0,0.044444444444444446,
parallel_24__main__sa__0,parallel_24,54f0c68424dbeeff0dc38517d6855d9d1da02545b8f913ed8b969bc35c6b9be3,main,sa,0,makespan,150,10.0,0.98,BUDGET,93.0,150,0.042205900012049824,best-known,90.0,0.03333333333333333,
parallel_24__main__sa__1,parallel_24,54f0c68424dbeeff0dc38517d6855d9d1da02545b8f913ed8b969bc35c6b9be3,main,sa,1,makespan,150,10.0,0.98,BUDGET,94.0,150,0.042210300045553595,best-known,90.0,0.044444444444444446,
parallel_24__main__sa__2,parallel_24,54f0c68424dbeeff0dc38517d6855d9d1da02545b8f913ed8b969bc35c6b9be3,main,sa,2,makespan,150,10.0,0.98,BUDGET,93.0,150,0.04209220001939684,best-known,90.0,0.03333333333333333,
parallel_24__sa_t0.1_c0.98__sa__0,parallel_24,54f0c68424dbeeff0dc38517d6855d9d1da02545b8f913ed8b969bc35c6b9be3,sa_t0.1_c0.98,sa,0,makespan,150,0.1,0.98,BUDGET,91.0,150,0.042208800034131855,best-known,90.0,0.011111111111111112,
parallel_24__sa_t0.1_c0.98__sa__1,parallel_24,54f0c68424dbeeff0dc38517d6855d9d1da02545b8f913ed8b969bc35c6b9be3,sa_t0.1_c0.98,sa,1,makespan,150,0.1,0.98,BUDGET,93.0,150,0.04228659998625517,best-known,90.0,0.03333333333333333,
parallel_24__sa_t0.1_c0.98__sa__2,parallel_24,54f0c68424dbeeff0dc38517d6855d9d1da02545b8f913ed8b969bc35c6b9be3,sa_t0.1_c0.98,sa,2,makespan,150,0.1,0.98,BUDGET,91.0,150,0.042242600000463426,best-known,90.0,0.011111111111111112,
parallel_24__sa_t100.0_c0.98__sa__0,parallel_24,54f0c68424dbeeff0dc38517d6855d9d1da02545b8f913ed8b969bc35c6b9be3,sa_t100.0_c0.98,sa,0,makespan,150,100.0,0.98,BUDGET,95.0,150,0.04251310002291575,best-known,90.0,0.05555555555555555,
parallel_24__sa_t100.0_c0.98__sa__1,parallel_24,54f0c68424dbeeff0dc38517d6855d9d1da02545b8f913ed8b969bc35c6b9be3,sa_t100.0_c0.98,sa,1,makespan,150,100.0,0.98,BUDGET,93.0,150,0.04227480001281947,best-known,90.0,0.03333333333333333,
parallel_24__sa_t100.0_c0.98__sa__2,parallel_24,54f0c68424dbeeff0dc38517d6855d9d1da02545b8f913ed8b969bc35c6b9be3,sa_t100.0_c0.98,sa,2,makespan,150,100.0,0.98,BUDGET,95.0,150,0.04260069999145344,best-known,90.0,0.05555555555555555,
parallel_24__sa_t10.0_c0.9__sa__0,parallel_24,54f0c68424dbeeff0dc38517d6855d9d1da02545b8f913ed8b969bc35c6b9be3,sa_t10.0_c0.9,sa,0,makespan,150,10.0,0.9,BUDGET,90.0,150,0.042182000004686415,best-known,90.0,0.0,
parallel_24__sa_t10.0_c0.9__sa__1,parallel_24,54f0c68424dbeeff0dc38517d6855d9d1da02545b8f913ed8b969bc35c6b9be3,sa_t10.0_c0.9,sa,1,makespan,150,10.0,0.9,BUDGET,95.0,150,0.0422837000223808,best-known,90.0,0.05555555555555555,
parallel_24__sa_t10.0_c0.9__sa__2,parallel_24,54f0c68424dbeeff0dc38517d6855d9d1da02545b8f913ed8b969bc35c6b9be3,sa_t10.0_c0.9,sa,2,makespan,150,10.0,0.9,BUDGET,91.0,150,0.04226620000554249,best-known,90.0,0.011111111111111112,
routes_12__main__lpt__0,routes_12,ed8b606f720337b89df97898c7ab6168abf514416d8e3b1d0d97e2a7a07ad58c,main,lpt,0,makespan,150,10.0,0.98,BASELINE,54.0,1,0.000270900025498122,best-known,40.0,0.35,
routes_12__main__lpt__1,routes_12,ed8b606f720337b89df97898c7ab6168abf514416d8e3b1d0d97e2a7a07ad58c,main,lpt,1,makespan,150,10.0,0.98,BASELINE,54.0,1,0.0002381000085733831,best-known,40.0,0.35,
routes_12__main__lpt__2,routes_12,ed8b606f720337b89df97898c7ab6168abf514416d8e3b1d0d97e2a7a07ad58c,main,lpt,2,makespan,150,10.0,0.98,BASELINE,54.0,1,0.00024749996373429894,best-known,40.0,0.35,
routes_12__main__random__0,routes_12,ed8b606f720337b89df97898c7ab6168abf514416d8e3b1d0d97e2a7a07ad58c,main,random,0,makespan,150,10.0,0.98,BUDGET,44.0,150,0.02248210000107065,best-known,40.0,0.1,
routes_12__main__random__1,routes_12,ed8b606f720337b89df97898c7ab6168abf514416d8e3b1d0d97e2a7a07ad58c,main,random,1,makespan,150,10.0,0.98,BUDGET,47.0,150,0.022477800026535988,best-known,40.0,0.175,
routes_12__main__random__2,routes_12,ed8b606f720337b89df97898c7ab6168abf514416d8e3b1d0d97e2a7a07ad58c,main,random,2,makespan,150,10.0,0.98,BUDGET,45.0,150,0.022519199992530048,best-known,40.0,0.125,
routes_12__main__first__0,routes_12,ed8b606f720337b89df97898c7ab6168abf514416d8e3b1d0d97e2a7a07ad58c,main,first,0,makespan,150,10.0,0.98,BUDGET,41.0,150,0.02104780002264306,best-known,40.0,0.025,
routes_12__main__first__1,routes_12,ed8b606f720337b89df97898c7ab6168abf514416d8e3b1d0d97e2a7a07ad58c,main,first,1,makespan,150,10.0,0.98,BUDGET,41.0,150,0.021012799988966435,best-known,40.0,0.025,
routes_12__main__first__2,routes_12,ed8b606f720337b89df97898c7ab6168abf514416d8e3b1d0d97e2a7a07ad58c,main,first,2,makespan,150,10.0,0.98,BUDGET,41.0,150,0.021157599985599518,best-known,40.0,0.025,
routes_12__main__best__0,routes_12,ed8b606f720337b89df97898c7ab6168abf514416d8e3b1d0d97e2a7a07ad58c,main,best,0,makespan,150,10.0,0.98,BUDGET,41.0,150,0.02118829998653382,best-known,40.0,0.025,
routes_12__main__best__1,routes_12,ed8b606f720337b89df97898c7ab6168abf514416d8e3b1d0d97e2a7a07ad58c,main,best,1,makespan,150,10.0,0.98,BUDGET,41.0,150,0.021275000006426126,best-known,40.0,0.025,
routes_12__main__best__2,routes_12,ed8b606f720337b89df97898c7ab6168abf514416d8e3b1d0d97e2a7a07ad58c,main,best,2,makespan,150,10.0,0.98,BUDGET,41.0,150,0.02122539997799322,best-known,40.0,0.025,
routes_12__main__multistart__0,routes_12,ed8b606f720337b89df97898c7ab6168abf514416d8e3b1d0d97e2a7a07ad58c,main,multistart,0,makespan,150,10.0,0.98,BUDGET,45.0,150,0.021323800028767437,best-known,40.0,0.125,
routes_12__main__multistart__1,routes_12,ed8b606f720337b89df97898c7ab6168abf514416d8e3b1d0d97e2a7a07ad58c,main,multistart,1,makespan,150,10.0,0.98,BUDGET,45.0,150,0.023470599961001426,best-known,40.0,0.125,
routes_12__main__multistart__2,routes_12,ed8b606f720337b89df97898c7ab6168abf514416d8e3b1d0d97e2a7a07ad58c,main,multistart,2,makespan,150,10.0,0.98,BUDGET,45.0,150,0.021894500008784235,best-known,40.0,0.125,
routes_12__main__sa__0,routes_12,ed8b606f720337b89df97898c7ab6168abf514416d8e3b1d0d97e2a7a07ad58c,main,sa,0,makespan,150,10.0,0.98,BUDGET,42.0,150,0.02270120003959164,best-known,40.0,0.05,
routes_12__main__sa__1,routes_12,ed8b606f720337b89df97898c7ab6168abf514416d8e3b1d0d97e2a7a07ad58c,main,sa,1,makespan,150,10.0,0.98,BUDGET,42.0,150,0.022783499967772514,best-known,40.0,0.05,
routes_12__main__sa__2,routes_12,ed8b606f720337b89df97898c7ab6168abf514416d8e3b1d0d97e2a7a07ad58c,main,sa,2,makespan,150,10.0,0.98,BUDGET,42.0,150,0.02165229996899143,best-known,40.0,0.05,
routes_12__sa_t0.1_c0.98__sa__0,routes_12,ed8b606f720337b89df97898c7ab6168abf514416d8e3b1d0d97e2a7a07ad58c,sa_t0.1_c0.98,sa,0,makespan,150,0.1,0.98,BUDGET,40.0,150,0.021547599986661226,best-known,40.0,0.0,
routes_12__sa_t0.1_c0.98__sa__1,routes_12,ed8b606f720337b89df97898c7ab6168abf514416d8e3b1d0d97e2a7a07ad58c,sa_t0.1_c0.98,sa,1,makespan,150,0.1,0.98,BUDGET,41.0,150,0.021441600052639842,best-known,40.0,0.025,
routes_12__sa_t0.1_c0.98__sa__2,routes_12,ed8b606f720337b89df97898c7ab6168abf514416d8e3b1d0d97e2a7a07ad58c,sa_t0.1_c0.98,sa,2,makespan,150,0.1,0.98,BUDGET,44.0,150,0.021544800023548305,best-known,40.0,0.1,
routes_12__sa_t100.0_c0.98__sa__0,routes_12,ed8b606f720337b89df97898c7ab6168abf514416d8e3b1d0d97e2a7a07ad58c,sa_t100.0_c0.98,sa,0,makespan,150,100.0,0.98,BUDGET,49.0,150,0.02157230000011623,best-known,40.0,0.225,
routes_12__sa_t100.0_c0.98__sa__1,routes_12,ed8b606f720337b89df97898c7ab6168abf514416d8e3b1d0d97e2a7a07ad58c,sa_t100.0_c0.98,sa,1,makespan,150,100.0,0.98,BUDGET,42.0,150,0.021614799974486232,best-known,40.0,0.05,
routes_12__sa_t100.0_c0.98__sa__2,routes_12,ed8b606f720337b89df97898c7ab6168abf514416d8e3b1d0d97e2a7a07ad58c,sa_t100.0_c0.98,sa,2,makespan,150,100.0,0.98,BUDGET,48.0,150,0.02148639998631552,best-known,40.0,0.2,
routes_12__sa_t10.0_c0.9__sa__0,routes_12,ed8b606f720337b89df97898c7ab6168abf514416d8e3b1d0d97e2a7a07ad58c,sa_t10.0_c0.9,sa,0,makespan,150,10.0,0.9,BUDGET,41.0,150,0.02176189998863265,best-known,40.0,0.025,
routes_12__sa_t10.0_c0.9__sa__1,routes_12,ed8b606f720337b89df97898c7ab6168abf514416d8e3b1d0d97e2a7a07ad58c,sa_t10.0_c0.9,sa,1,makespan,150,10.0,0.9,BUDGET,42.0,150,0.021762299991678447,best-known,40.0,0.05,
routes_12__sa_t10.0_c0.9__sa__2,routes_12,ed8b606f720337b89df97898c7ab6168abf514416d8e3b1d0d97e2a7a07ad58c,sa_t10.0_c0.9,sa,2,makespan,150,10.0,0.9,BUDGET,45.0,150,0.021654799988027662,best-known,40.0,0.125,
