instance,group,algorithm,successful,failed,mean,median,stdev,best,mean_gap,mean_evaluations,mean_seconds
parallel_12,main,best,3,0,45.0,45.0,0.0,45.0,0.046511627906976744,150,0.023657100022925686
parallel_12,main,first,3,0,45.0,45.0,0.0,45.0,0.046511627906976744,150,0.023943300009705126
parallel_12,main,lpt,3,0,45.0,45.0,0.0,45.0,0.046511627906976744,1,0.0002810000053917368
parallel_12,main,multistart,3,0,45.0,45.0,0.0,45.0,0.046511627906976744,150,0.023578500006503116
parallel_12,main,random,3,0,44.333333333333336,44.0,0.5773502691896257,44.0,0.031007751937984496,150,0.0247163333503219
parallel_12,main,sa,3,0,44.666666666666664,45.0,0.5773502691896257,44.0,0.03875968992248062,150,0.023605900001712143
parallel_12,sa_t0.1_c0.98,sa,3,0,44.666666666666664,45.0,0.5773502691896257,44.0,0.03875968992248062,150,0.023622633346046012
parallel_12,sa_t10.0_c0.9,sa,3,0,44.333333333333336,45.0,1.1547005383792515,43.0,0.031007751937984496,150,0.023725833336357027
parallel_12,sa_t100.0_c0.98,sa,3,0,44.333333333333336,44.0,0.5773502691896257,44.0,0.031007751937984496,150,0.023942400002852082
parallel_24,main,best,3,0,94.0,94.0,0.0,94.0,0.044444444444444446,150,0.04205589999522393
parallel_24,main,first,3,0,92.0,92.0,0.0,92.0,0.022222222222222223,150,0.041944633335030325
parallel_24,main,lpt,3,0,95.0,95.0,0.0,95.0,0.05555555555555555,1,0.0004689333533557753
parallel_24,main,multistart,3,0,94.0,94.0,0.0,94.0,0.044444444444444446,150,0.042243199985629566
parallel_24,main,random,3,0,94.33333333333333,95.0,1.1547005383792515,93.0,0.04814814814814815,150,0.0451559333402353
parallel_24,main,sa,3,0,93.33333333333333,93.0,0.5773502691896257,93.0,0.037037037037037035,150,0.04216946669233342
parallel_24,sa_t0.1_c0.98,sa,3,0,91.66666666666667,91.0,1.1547005383792515,91.0,0.018518518518518517,150,0.04224600000695015
parallel_24,sa_t10.0_c0.9,sa,3,0,92.0,91.0,2.6457513110645907,90.0,0.02222222222222222,150,0.04224396667753657
parallel_24,sa_t100.0_c0.98,sa,3,0,94.33333333333333,95.0,1.1547005383792515,93.0,0.04814814814814815,150,0.04246286667572955
routes_12,main,best,3,0,41.0,41.0,0.0,41.0,0.025,150,0.02122956665698439
routes_12,main,first,3,0,41.0,41.0,0.0,41.0,0.025,150,0.021072733332403004
routes_12,main,lpt,3,0,54.0,54.0,0.0,54.0,0.35,1,0.000252166665935268
routes_12,main,multistart,3,0,45.0,45.0,0.0,45.0,0.125,150,0.022229633332851034
routes_12,main,random,3,0,45.333333333333336,45.0,1.5275252316519468,44.0,0.13333333333333333,150,0.02249303334004556
routes_12,main,sa,3,0,42.0,42.0,0.0,42.0,0.05,150,0.022378999992118526
routes_12,sa_t0.1_c0.98,sa,3,0,41.666666666666664,41.0,2.0816659994661326,40.0,0.04166666666666667,150,0.021511333354283124
routes_12,sa_t10.0_c0.9,sa,3,0,42.666666666666664,42.0,2.0816659994661326,41.0,0.06666666666666667,150,0.021726333322779585
routes_12,sa_t100.0_c0.98,sa,3,0,46.333333333333336,48.0,3.7859388972001824,42.0,0.15833333333333333,150,0.021557833320305992
single_12,main,best,3,0,529.0,529.0,0.0,529.0,1.116,150,0.022797033307142556
single_12,main,first,3,0,575.0,575.0,0.0,575.0,1.3,150,0.022682699976333726
single_12,main,lpt,3,0,719.0,719.0,0.0,719.0,1.876,1,0.00026403332594782114
single_12,main,multistart,3,0,373.0,371.0,52.028838157314254,322.0,0.492,150,0.022697033321795363
single_12,main,random,3,0,313.0,303.0,23.643180835073778,296.0,0.252,150,0.024923433336274076
single_12,main,sa,3,0,261.6666666666667,263.0,5.131601439446884,256.0,0.04666666666666667,150,0.02281826666633909
single_12,sa_t0.1_c0.98,sa,3,0,262.0,261.0,7.54983443527075,255.0,0.048,150,0.022750266672422487
single_12,sa_t10.0_c0.9,sa,3,0,255.33333333333334,255.0,5.507570547286102,250.0,0.021333333333333333,150,0.02271086668285231
single_12,sa_t100.0_c0.98,sa,3,0,282.6666666666667,288.0,13.79613472438325,267.0,0.13066666666666665,150,0.02276556665310636
tiny_parallel,main,best,3,0,38.0,38.0,0.0,38.0,0.0,17,0.0013648999932532508
tiny_parallel,main,first,3,0,38.0,38.0,0.0,38.0,0.0,17,0.0015813666589868565
tiny_parallel,main,lpt,3,0,38.0,38.0,0.0,38.0,0.0,1,0.0001427000000452002
tiny_parallel,main,multistart,3,0,38.0,38.0,0.0,38.0,0.0,150,0.011537333329518637
tiny_parallel,main,random,3,0,38.0,38.0,0.0,38.0,0.0,150,0.011126466658121595
tiny_parallel,main,sa,3,0,38.0,38.0,0.0,38.0,0.0,150,0.010786900025171539
tiny_parallel,sa_t0.1_c0.98,sa,3,0,38.0,38.0,0.0,38.0,0.0,150,0.010895966629808148
tiny_parallel,sa_t10.0_c0.9,sa,3,0,38.0,38.0,0.0,38.0,0.0,150,0.011809133323064694
tiny_parallel,sa_t100.0_c0.98,sa,3,0,38.0,38.0,0.0,38.0,0.0,150,0.011220833325448135
tiny_single,main,best,3,0,36.0,36.0,0.0,36.0,0.0,37,0.002841466669148455
tiny_single,main,first,3,0,36.0,36.0,0.0,36.0,0.0,23,0.0017834000367050369
tiny_single,main,lpt,3,0,57.0,57.0,0.0,57.0,0.5833333333333334,1,0.00023093330673873425
tiny_single,main,multistart,3,0,36.0,36.0,0.0,36.0,0.0,150,0.011201733354634294
tiny_single,main,random,3,0,36.0,36.0,0.0,36.0,0.0,150,0.010338200023397803
tiny_single,main,sa,3,0,36.0,36.0,0.0,36.0,0.0,150,0.010544633337606987
tiny_single,sa_t0.1_c0.98,sa,3,0,36.0,36.0,0.0,36.0,0.0,150,0.010418899997603148
tiny_single,sa_t10.0_c0.9,sa,3,0,36.0,36.0,0.0,36.0,0.0,150,0.010475833337598791
tiny_single,sa_t100.0_c0.98,sa,3,0,36.0,36.0,0.0,36.0,0.0,150,0.01035636665377145
