run_id,instance,input_sha256,group,method,objective_name,status,objective,best_bound,gap,iterations,build_time,solve_time,wall_time,cmax,total_tardiness,setup,validation,failure_reason,reference_type,reference,gap_to_reference
flow_5x3__main__flow_johnson__0,flow_5x3,7ddae902e52c86dffa022499e76f61ad98594cb63b51938c55e5d181a6aaaea2,main,flow_johnson,makespan,FEASIBLE,78.0,,,,0.0,0.000292,0.000292,78.0,63.0,0.0,,,proven_by_solver,69.0,0.13043478260869565
flow_5x3__main__flow_neh__0,flow_5x3,7ddae902e52c86dffa022499e76f61ad98594cb63b51938c55e5d181a6aaaea2,main,flow_neh,makespan,FEASIBLE,70.0,,,,0.0,0.001287,0.001287,70.0,51.0,0.0,,,proven_by_solver,69.0,0.014492753623188406
flow_5x3__main__jsp_priority__0,flow_5x3,7ddae902e52c86dffa022499e76f61ad98594cb63b51938c55e5d181a6aaaea2,main,jsp_priority,makespan,FEASIBLE,78.0,,,,0.0,0.000536,0.000536,78.0,88.0,0.0,,,proven_by_solver,69.0,0.13043478260869565
flow_5x3__main__jsp_cpsat__0,flow_5x3,7ddae902e52c86dffa022499e76f61ad98594cb63b51938c55e5d181a6aaaea2,main,jsp_cpsat,makespan,OPTIMAL,69.0,69.0,0.0,94,0.003415,0.018861,0.022276,69.0,63.0,0.0,,,proven_by_solver,69.0,0.0
flow_5x3__tl_5__jsp_cpsat__0,flow_5x3,7ddae902e52c86dffa022499e76f61ad98594cb63b51938c55e5d181a6aaaea2,tl_5,jsp_cpsat,makespan,OPTIMAL,69.0,69.0,0.0,94,0.01346,0.013008,0.026468,69.0,63.0,0.0,,,proven_by_solver,69.0,0.0
flow_5x3__tl_30__jsp_cpsat__0,flow_5x3,7ddae902e52c86dffa022499e76f61ad98594cb63b51938c55e5d181a6aaaea2,tl_30,jsp_cpsat,makespan,OPTIMAL,69.0,69.0,0.0,94,0.002506,0.011151,0.013657,69.0,63.0,0.0,,,proven_by_solver,69.0,0.0
flow_8x4__main__flow_johnson__0,flow_8x4,f6fa4220e21e042c2042714fa60bbffacd8398e5606cd604fb224bfdbd911779,main,flow_johnson,makespan,FEASIBLE,151.0,,,,0.0,0.000509,0.000509,151.0,310.0,0.0,,,proven_by_solver,126.0,0.1984126984126984
flow_8x4__main__flow_neh__0,flow_8x4,f6fa4220e21e042c2042714fa60bbffacd8398e5606cd604fb224bfdbd911779,main,flow_neh,makespan,FEASIBLE,127.0,,,,0.0,0.005814,0.005814,127.0,186.0,0.0,,,proven_by_solver,126.0,0.007936507936507936
flow_8x4__main__jsp_priority__0,flow_8x4,f6fa4220e21e042c2042714fa60bbffacd8398e5606cd604fb224bfdbd911779,main,jsp_priority,makespan,FEASIBLE,162.0,,,,0.0,0.001063,0.001063,162.0,403.0,0.0,,,proven_by_solver,126.0,0.2857142857142857
flow_8x4__main__jsp_cpsat__0,flow_8x4,f6fa4220e21e042c2042714fa60bbffacd8398e5606cd604fb224bfdbd911779,main,jsp_cpsat,makespan,OPTIMAL,126.0,126.0,0.0,640,0.003462,0.038241,0.041703,126.0,201.0,0.0,,,proven_by_solver,126.0,0.0
flow_8x4__tl_5__jsp_cpsat__0,flow_8x4,f6fa4220e21e042c2042714fa60bbffacd8398e5606cd604fb224bfdbd911779,tl_5,jsp_cpsat,makespan,OPTIMAL,126.0,126.0,0.0,640,0.003269,0.038346,0.041616,126.0,201.0,0.0,,,proven_by_solver,126.0,0.0
flow_8x4__tl_30__jsp_cpsat__0,flow_8x4,f6fa4220e21e042c2042714fa60bbffacd8398e5606cd604fb224bfdbd911779,tl_30,jsp_cpsat,makespan,OPTIMAL,126.0,126.0,0.0,640,0.003523,0.039713,0.043236,126.0,201.0,0.0,,,proven_by_solver,126.0,0.0
jsp_6x4__main__jsp_priority__0,jsp_6x4,20bd747fb6661706d79b8cd00589b4f9d8b4a06c5cf123fca2f259656fe184a8,main,jsp_priority,makespan,FEASIBLE,71.0,,,,0.0,0.000496,0.000496,71.0,74.0,0.0,,,proven_by_solver,67.0,0.05970149253731343
jsp_6x4__main__jsp_cpsat__0,jsp_6x4,20bd747fb6661706d79b8cd00589b4f9d8b4a06c5cf123fca2f259656fe184a8,main,jsp_cpsat,makespan,OPTIMAL,67.0,67.0,0.0,55,0.002293,0.007496,0.009789,67.0,29.0,0.0,,,proven_by_solver,67.0,0.0
jsp_6x4__tl_5__jsp_cpsat__0,jsp_6x4,20bd747fb6661706d79b8cd00589b4f9d8b4a06c5cf123fca2f259656fe184a8,tl_5,jsp_cpsat,makespan,OPTIMAL,67.0,67.0,0.0,55,0.002197,0.007371,0.009568,67.0,29.0,0.0,,,proven_by_solver,67.0,0.0
jsp_6x4__tl_30__jsp_cpsat__0,jsp_6x4,20bd747fb6661706d79b8cd00589b4f9d8b4a06c5cf123fca2f259656fe184a8,tl_30,jsp_cpsat,makespan,OPTIMAL,67.0,67.0,0.0,55,0.002375,0.007417,0.009791,67.0,29.0,0.0,,,proven_by_solver,67.0,0.0
jsp_8x5__main__jsp_priority__0,jsp_8x5,546cab9b304b06826838a4fac6a71e5ac7f7d5e3102086b93d2abfb6b88dcb25,main,jsp_priority,makespan,FEASIBLE,86.0,,,,0.0,0.000956,0.000956,86.0,57.0,0.0,,,proven_by_solver,84.0,0.023809523809523808
jsp_8x5__main__jsp_cpsat__0,jsp_8x5,546cab9b304b06826838a4fac6a71e5ac7f7d5e3102086b93d2abfb6b88dcb25,main,jsp_cpsat,makespan,OPTIMAL,84.0,84.0,0.0,128,0.003298,0.015367,0.018665,84.0,39.0,0.0,,,proven_by_solver,84.0,0.0
jsp_8x5__tl_5__jsp_cpsat__0,jsp_8x5,546cab9b304b06826838a4fac6a71e5ac7f7d5e3102086b93d2abfb6b88dcb25,tl_5,jsp_cpsat,makespan,OPTIMAL,84.0,84.0,0.0,128,0.003706,0.015658,0.019364,84.0,39.0,0.0,,,proven_by_solver,84.0,0.0
jsp_8x5__tl_30__jsp_cpsat__0,jsp_8x5,546cab9b304b06826838a4fac6a71e5ac7f7d5e3102086b93d2abfb6b88dcb25,tl_30,jsp_cpsat,makespan,OPTIMAL,84.0,84.0,0.0,128,0.003793,0.016019,0.019812,84.0,39.0,0.0,,,proven_by_solver,84.0,0.0
fjsp_6x4_f2__main__fjsp_random__0,fjsp_6x4_f2,1a38248dccd21100448e11b806c6b1a2161d7a76e731c66640d41614be272abb,main,fjsp_random,makespan,FEASIBLE,87.0,,,,8.5e-05,0.000603,0.000688,87.0,104.0,0.0,,,proven_by_solver,42.0,1.0714285714285714
fjsp_6x4_f2__main__fjsp_shortest__0,fjsp_6x4_f2,1a38248dccd21100448e11b806c6b1a2161d7a76e731c66640d41614be272abb,main,fjsp_shortest,makespan,FEASIBLE,67.0,,,,3.3e-05,0.00057,0.000603,67.0,47.0,0.0,,,proven_by_solver,42.0,0.5952380952380952
fjsp_6x4_f2__main__fjsp_loadbalance__0,fjsp_6x4_f2,1a38248dccd21100448e11b806c6b1a2161d7a76e731c66640d41614be272abb,main,fjsp_loadbalance,makespan,FEASIBLE,61.0,,,,8.5e-05,0.000545,0.00063,61.0,34.0,0.0,,,proven_by_solver,42.0,0.4523809523809524
fjsp_6x4_f2__main__fjsp_cpsat__0,fjsp_6x4_f2,1a38248dccd21100448e11b806c6b1a2161d7a76e731c66640d41614be272abb,main,fjsp_cpsat,makespan,OPTIMAL,42.0,42.0,0.0,622,0.003074,0.035121,0.038195,42.0,13.0,0.0,,,proven_by_solver,42.0,0.0
fjsp_6x4_f2__tl_5__fjsp_cpsat__0,fjsp_6x4_f2,1a38248dccd21100448e11b806c6b1a2161d7a76e731c66640d41614be272abb,tl_5,fjsp_cpsat,makespan,OPTIMAL,42.0,42.0,0.0,622,0.002345,0.03435,0.036695,42.0,13.0,0.0,,,proven_by_solver,42.0,0.0
fjsp_6x4_f2__tl_30__fjsp_cpsat__0,fjsp_6x4_f2,1a38248dccd21100448e11b806c6b1a2161d7a76e731c66640d41614be272abb,tl_30,fjsp_cpsat,makespan,OPTIMAL,42.0,42.0,0.0,622,0.002262,0.031862,0.034124,42.0,13.0,0.0,,,proven_by_solver,42.0,0.0
fjsp_10x5_f3__main__fjsp_random__0,fjsp_10x5_f3,45432b212f6b93de5a3baecde2e91e29ddf59b4831d5ef7a5de2d4a6479ae160,main,fjsp_random,makespan,FEASIBLE,115.0,,,,0.000212,0.001248,0.001459,115.0,206.0,0.0,,,proven_by_solver,56.0,1.0535714285714286
fjsp_10x5_f3__main__fjsp_shortest__0,fjsp_10x5_f3,45432b212f6b93de5a3baecde2e91e29ddf59b4831d5ef7a5de2d4a6479ae160,main,fjsp_shortest,makespan,FEASIBLE,111.0,,,,4.9e-05,0.000909,0.000958,111.0,181.0,0.0,,,proven_by_solver,56.0,0.9821428571428571
fjsp_10x5_f3__main__fjsp_loadbalance__0,fjsp_10x5_f3,45432b212f6b93de5a3baecde2e91e29ddf59b4831d5ef7a5de2d4a6479ae160,main,fjsp_loadbalance,makespan,FEASIBLE,90.0,,,,0.000127,0.000935,0.001061,90.0,121.0,0.0,,,proven_by_solver,56.0,0.6071428571428571
fjsp_10x5_f3__main__fjsp_cpsat__0,fjsp_10x5_f3,45432b212f6b93de5a3baecde2e91e29ddf59b4831d5ef7a5de2d4a6479ae160,main,fjsp_cpsat,makespan,OPTIMAL,56.0,56.0,0.0,21259,0.00369,4.128137,4.131827,56.0,126.0,0.0,,,proven_by_solver,56.0,0.0
fjsp_10x5_f3__tl_5__fjsp_cpsat__0,fjsp_10x5_f3,45432b212f6b93de5a3baecde2e91e29ddf59b4831d5ef7a5de2d4a6479ae160,tl_5,fjsp_cpsat,makespan,OPTIMAL,56.0,56.0,0.0,21259,0.004142,4.790231,4.794374,56.0,126.0,0.0,,,proven_by_solver,56.0,0.0
fjsp_10x5_f3__tl_30__fjsp_cpsat__0,fjsp_10x5_f3,45432b212f6b93de5a3baecde2e91e29ddf59b4831d5ef7a5de2d4a6479ae160,tl_30,fjsp_cpsat,makespan,OPTIMAL,56.0,56.0,0.0,21259,0.004337,4.336673,4.34101,56.0,126.0,0.0,,,proven_by_solver,56.0,0.0
ind_setup__main__fjsp_cpsat_setup__0,ind_setup,59ca63d6fea89318b43b837917da27a25eb941140e8353834a4ca0c755a76736,main,fjsp_cpsat_setup,weighted_sum,FEASIBLE,61.0,,,170332,0.023036,15.006211,15.029247,61.0,121.0,16.0,,,best-known,61.0,0.0
ind_setup__main__fjsp_cpsat_multiobj__0,ind_setup,59ca63d6fea89318b43b837917da27a25eb941140e8353834a4ca0c755a76736,main,fjsp_cpsat_multiobj,weighted_sum,FEASIBLE,61.0,,,171398,0.023505,14.321028,14.344532,61.0,121.0,16.0,,,best-known,61.0,0.0
ind_calendar__main__fjsp_cpsat_calendar__0,ind_calendar,e55ff45c217db5c5170df44f81b655b23dd6b479126192f3afb8eb6611044d78,main,fjsp_cpsat_calendar,makespan,OPTIMAL,79.0,79.0,0.0,1617,0.008082,0.133625,0.141707,79.0,234.0,0.0,,,proven_by_solver,79.0,0.0
ind_worker__main__fjsp_cpsat_full__0,ind_worker,da33697c3832f4f8177ef31e223c792654976c7c06e820998c2863f1dca37f73,main,fjsp_cpsat_full,makespan,FEASIBLE,97.0,41.0,0.5773195876288659,147984,0.016156,15.004627,15.020783,97.0,187.0,40.0,,,best-known,97.0,0.0
ind_qualified__main__fjsp_cpsat_qualified__0,ind_qualified,baaeae6779332c27472c4032ccf95c05fcbfe9fb83cef05f81199935fb14ad16,main,fjsp_cpsat_qualified,weighted_sum,FEASIBLE,75.0,36.0,0.52,107719,0.0205,15.003424,15.023924,75.0,187.0,19.0,,,best-known,75.0,0.0
ind_qualified__main__fjsp_cpsat_full__0,ind_qualified,baaeae6779332c27472c4032ccf95c05fcbfe9fb83cef05f81199935fb14ad16,main,fjsp_cpsat_full,weighted_sum,FEASIBLE,78.0,34.0,0.5641025641025641,270520,0.043409,15.016724,15.060133,78.0,190.0,17.0,,,best-known,75.0,0.04
