evaluation,proposed,current,best,accepted,temperature
1,719.0,719.0,719.0,True,
2,719.0,719.0,719.0,True,0.1
3,673.0,673.0,673.0,True,0.098
4,673.0,673.0,673.0,True,0.09604
5,673.0,673.0,673.0,True,0.0941192
6,662.0,662.0,662.0,True,0.092236816
7,662.0,662.0,662.0,True,0.09039207968
8,662.0,662.0,662.0,True,0.0885842380864
9,664.0,662.0,662.0,False,0.086812553324672
10,643.0,643.0,643.0,True,0.08507630225817855
11,643.0,643.0,643.0,True,0.08337477621301498
12,655.0,643.0,643.0,False,0.08170728068875467
13,643.0,643.0,643.0,True,0.08007313507497958
14,631.0,631.0,631.0,True,0.07847167237347999
15,631.0,631.0,631.0,True,0.07690223892601039
16,621.0,621.0,621.0,True,0.07536419414749018
17,621.0,621.0,621.0,True,0.07385691026454037
18,637.0,621.0,621.0,False,0.07237977205924956
19,623.0,621.0,621.0,False,0.07093217661806457
20,647.0,621.0,621.0,False,0.06951353308570328
21,592.0,592.0,592.0,True,0.06812326242398921
22,592.0,592.0,592.0,True,0.06676079717550942
23,628.0,592.0,592.0,False,0.06542558123199924
24,592.0,592.0,592.0,True,0.06411706960735924
25,592.0,592.0,592.0,True,0.06283472821521206
26,592.0,592.0,592.0,True,0.06157803365090782
27,596.0,592.0,592.0,False,0.06034647297788966
28,592.0,592.0,592.0,True,0.059139543518331866
29,586.0,586.0,586.0,True,0.05795675264796523
30,618.0,586.0,586.0,False,0.05679761759500593
31,586.0,586.0,586.0,True,0.055661665243105805
32,586.0,586.0,586.0,True,0.054548431938243686
33,586.0,586.0,586.0,True,0.053457463299478813
34,476.0,476.0,476.0,True,0.05238831403348924
35,476.0,476.0,476.0,True,0.05134054775281945
36,475.0,475.0,475.0,True,0.05031373679776306
37,475.0,475.0,475.0,True,0.0493074620618078
38,475.0,475.0,475.0,True,0.048321312820571644
39,475.0,475.0,475.0,True,0.04735488656416021
40,511.0,475.0,475.0,False,0.046407788832877
41,475.0,475.0,475.0,True,0.04547963305621946
42,435.0,435.0,435.0,True,0.044570040395095066
43,451.0,435.0,435.0,False,0.04367863958719317
44,435.0,435.0,435.0,True,0.042805066795449306
45,498.0,435.0,435.0,False,0.04194896545954032
46,435.0,435.0,435.0,True,0.04110998615034951
47,432.0,432.0,432.0,True,0.04028778642734252
48,424.0,424.0,424.0,True,0.03948203069879567
49,424.0,424.0,424.0,True,0.038692390084819756
50,482.0,424.0,424.0,False,0.03791854228312336
51,432.0,424.0,424.0,False,0.03716017143746089
52,404.0,404.0,404.0,True,0.03641696800871167
53,396.0,396.0,396.0,True,0.03568862864853744
54,400.0,396.0,396.0,False,0.03497485607556669
55,396.0,396.0,396.0,True,0.034275358954055354
56,451.0,396.0,396.0,False,0.03358985177497425
57,369.0,369.0,369.0,True,0.03291805473947476
58,387.0,369.0,369.0,False,0.03225969364468526
59,433.0,369.0,369.0,False,0.03161449977179156
60,291.0,291.0,291.0,True,0.030982209776355726
61,291.0,291.0,291.0,True,0.030362565580828612
62,291.0,291.0,291.0,True,0.02975531426921204
63,389.0,291.0,291.0,False,0.029160207983827797
64,299.0,291.0,291.0,False,0.02857700382415124
65,291.0,291.0,291.0,True,0.028005463747668217
66,299.0,291.0,291.0,False,0.02744535447271485
67,300.0,291.0,291.0,False,0.026896447383260556
68,280.0,280.0,280.0,True,0.026358518435595345
69,280.0,280.0,280.0,True,0.025831348066883437
70,280.0,280.0,280.0,True,0.02531472110554577
71,378.0,280.0,280.0,False,0.024808426683434852
72,288.0,280.0,280.0,False,0.024312258149766154
73,307.0,280.0,280.0,False,0.023826012986770832
74,280.0,280.0,280.0,True,0.023349492727035414
75,277.0,277.0,277.0,True,0.022882502872494704
76,359.0,277.0,277.0,False,0.022424852815044808
77,279.0,277.0,277.0,False,0.02197635575874391
78,277.0,277.0,277.0,True,0.021536828643569032
79,296.0,277.0,277.0,False,0.021106092070697653
80,277.0,277.0,277.0,True,0.0206839702292837
81,327.0,277.0,277.0,False,0.020270290824698025
82,277.0,277.0,277.0,True,0.019864885008204065
83,362.0,277.0,277.0,False,0.019467587308039984
84,277.0,277.0,277.0,True,0.019078235561879184
85,274.0,274.0,274.0,True,0.0186966708506416
86,274.0,274.0,274.0,True,0.018322737433628767
87,274.0,274.0,274.0,True,0.017956282684956193
88,444.0,274.0,274.0,False,0.01759715703125707
89,274.0,274.0,274.0,True,0.017245213890631928
90,270.0,270.0,270.0,True,0.01690030961281929
91,280.0,270.0,270.0,False,0.016562303420562904
92,270.0,270.0,270.0,True,0.016231057352151645
93,271.0,270.0,270.0,False,0.01590643620510861
94,325.0,270.0,270.0,False,0.015588307481006437
95,270.0,270.0,270.0,True,0.015276541331386308
96,270.0,270.0,270.0,True,0.014971010504758582
97,298.0,270.0,270.0,False,0.01467159029466341
98,293.0,270.0,270.0,False,0.014378158488770141
99,270.0,270.0,270.0,True,0.014090595318994738
100,274.0,270.0,270.0,False,0.013808783412614843
101,270.0,270.0,270.0,True,0.013532607744362546
102,270.0,270.0,270.0,True,0.013261955589475296
103,270.0,270.0,270.0,True,0.012996716477685789
104,270.0,270.0,270.0,True,0.012736782148132073
105,325.0,270.0,270.0,False,0.01248204650516943
106,266.0,266.0,266.0,True,0.012232405575066042
107,266.0,266.0,266.0,True,0.011987757463564721
108,452.0,266.0,266.0,False,0.011748002314293427
109,354.0,266.0,266.0,False,0.011513042268007558
110,296.0,266.0,266.0,False,0.011282781422647407
111,266.0,266.0,266.0,True,0.01105712579419446
112,261.0,261.0,261.0,True,0.01083598327831057
113,261.0,261.0,261.0,True,0.010619263612744357
114,261.0,261.0,261.0,True,0.01040687834048947
115,281.0,261.0,261.0,False,0.01019874077367968
116,261.0,261.0,261.0,True,0.009994765958206087
117,261.0,261.0,261.0,True,0.009794870639041964
118,328.0,261.0,261.0,False,0.009598973226261125
119,261.0,261.0,261.0,True,0.009406993761735902
120,284.0,261.0,261.0,False,0.009218853886501184
121,373.0,261.0,261.0,False,0.00903447680877116
122,261.0,261.0,261.0,True,0.008853787272595738
123,265.0,261.0,261.0,False,0.008676711527143824
124,261.0,261.0,261.0,True,0.008503177296600948
125,285.0,261.0,261.0,False,0.008333113750668928
126,271.0,261.0,261.0,False,0.00816645147565555
127,261.0,261.0,261.0,True,0.008003122446142439
128,261.0,261.0,261.0,True,0.00784305999721959
129,294.0,261.0,261.0,False,0.007686198797275197
130,273.0,261.0,261.0,False,0.007532474821329693
131,318.0,261.0,261.0,False,0.007381825324903099
132,261.0,261.0,261.0,True,0.007234188818405037
133,265.0,261.0,261.0,False,0.007089505042036937
134,307.0,261.0,261.0,False,0.006947714941196198
135,271.0,261.0,261.0,False,0.006808760642372274
136,261.0,261.0,261.0,True,0.006672585429524828
137,345.0,261.0,261.0,False,0.006539133720934331
138,285.0,261.0,261.0,False,0.006408351046515644
139,261.0,261.0,261.0,True,0.006280184025585331
140,266.0,261.0,261.0,False,0.006154580345073624
141,261.0,261.0,261.0,True,0.006031488738172152
142,327.0,261.0,261.0,False,0.0059108589634087084
143,273.0,261.0,261.0,False,0.005792641784140534
144,269.0,261.0,261.0,False,0.005676788948457723
145,302.0,261.0,261.0,False,0.005563253169488569
146,261.0,261.0,261.0,True,0.005451988106098797
147,293.0,261.0,261.0,False,0.005342948343976821
148,261.0,261.0,261.0,True,0.005236089377097285
149,267.0,261.0,261.0,False,0.005131367589555339
150,276.0,261.0,261.0,False,0.005028740237764232
